target,method,split,roc_auc,pr_auc,brier_score,ece_10bin
delay_next_30d,uncalibrated_xgboost,test,0.7501203369434416,0.10558965606542507,0.087652065973038,0.1325689518235287
delay_next_30d,sigmoid,test,0.7501203369434416,0.10558965606542507,0.03762999144261688,0.01051373117875275
delay_next_30d,isotonic,test,0.7488911810211449,0.08986579713574554,0.037756076685229505,0.011449297488258287
delay_next_60d,uncalibrated_xgboost,test,0.7645863244795406,0.19377475786226195,0.12255325586480599,0.14440296698965152
delay_next_60d,sigmoid,test,0.7645863244795406,0.19377475786226195,0.06998796792403451,0.019509308576562398
delay_next_60d,isotonic,test,0.7586055276381909,0.18168733387780042,0.0706803361512008,0.027492395848968808
delay_next_90d,uncalibrated_xgboost,test,0.7519961203929667,0.2826350185041485,0.1391858726924738,0.1322991943058127
delay_next_90d,sigmoid,test,0.7519961203929667,0.2826350185041485,0.09802170952175288,0.030566174686984866
delay_next_90d,isotonic,test,0.7476565922032412,0.2599412435277342,0.09928869830420685,0.036420436672543154
