snapshot_id,project_id,snapshot_date,project_start_date,current_stage,stage_first_seen_date,days_in_current_stage,days_since_project_start,days_since_previous_event,event_sequence,event_count_so_far,event_type,notification_id,notification_number,status,count_3a_so_far,count_3A_so_far,count_3D_so_far,has_3a,has_3A,has_3D,project_name,project_number,land_required_ha,land_to_acquire_ha,project_id_data_class,project_name_data_class,project_number_data_class,land_required_ha_data_class,land_to_acquire_ha_data_class,temporal_state_data_class,stage_entry_date
54635_20170517_001,54635,2017-05-17,2017-05-17,3a,2017-05-17,0,0,,1,1,3a,50840,1405,3a Notified,1,0,0,1,0,0,Widening the existing lane to two lane paved shoulder from km 239.900 to 294.300 (Nayagarh to Khordha) on NH-57 in the state of Odisha विडेनिंग थे एक्सिस्टिंग लेन तो तवो लेन पवेद शोल्डर फ्रॉम कम 239.९०० तो 294.३०० (नयागढ़ तो Khordha) ों NH-५७ इन थे स्टेट ऑफ़ ओडिशा,MO/2018/54635,22.0,22.0,STATIC_REFERENCE,STATIC_REFERENCE,STATIC_REFERENCE,STATIC_REFERENCE,STATIC_REFERENCE,OBSERVED_AS_OF_SNAPSHOT,2017-05-17
54635_20170918_002,54635,2017-09-18,2017-05-17,3A,2017-09-18,0,124,124.0,2,2,3A,44531,2685,3A Notified,1,1,0,1,1,0,Widening the existing lane to two lane paved shoulder from km 239.900 to 294.300 (Nayagarh to Khordha) on NH-57 in the state of Odisha विडेनिंग थे एक्सिस्टिंग लेन तो तवो लेन पवेद शोल्डर फ्रॉम कम 239.९०० तो 294.३०० (नयागढ़ तो Khordha) ों NH-५७ इन थे स्टेट ऑफ़ ओडिशा,MO/2018/54635,22.0,22.0,STATIC_REFERENCE,STATIC_REFERENCE,STATIC_REFERENCE,STATIC_REFERENCE,STATIC_REFERENCE,OBSERVED_AS_OF_SNAPSHOT,2017-09-18
54635_20171117_003,54635,2017-11-17,2017-05-17,3A,2017-09-18,60,184,60.0,3,3,3A,45887,3173,3A Notified,1,2,0,1,1,0,Widening the existing lane to two lane paved shoulder from km 239.900 to 294.300 (Nayagarh to Khordha) on NH-57 in the state of Odisha विडेनिंग थे एक्सिस्टिंग लेन तो तवो लेन पवेद शोल्डर फ्रॉम कम 239.९०० तो 294.३०० (नयागढ़ तो Khordha) ों NH-५७ इन थे स्टेट ऑफ़ ओडिशा,MO/2018/54635,22.0,22.0,STATIC_REFERENCE,STATIC_REFERENCE,STATIC_REFERENCE,STATIC_REFERENCE,STATIC_REFERENCE,OBSERVED_AS_OF_SNAPSHOT,2017-11-17
54635_20180517_004,54635,2018-05-17,2017-05-17,3A,2017-09-18,241,365,181.0,4,4,3a,52358,1405,3a Notified,2,2,0,1,1,0,Widening the existing lane to two lane paved shoulder from km 239.900 to 294.300 (Nayagarh to Khordha) on NH-57 in the state of Odisha विडेनिंग थे एक्सिस्टिंग लेन तो तवो लेन पवेद शोल्डर फ्रॉम कम 239.९०० तो 294.३०० (नयागढ़ तो Khordha) ों NH-५७ इन थे स्टेट ऑफ़ ओडिशा,MO/2018/54635,22.0,22.0,STATIC_REFERENCE,STATIC_REFERENCE,STATIC_REFERENCE,STATIC_REFERENCE,STATIC_REFERENCE,OBSERVED_AS_OF_SNAPSHOT,2018-05-17
54635_20180928_005,54635,2018-09-28,2017-05-17,3D,2018-09-28,0,499,134.0,5,5,3D,34193,S.O. 5048 (E),3D Notified,2,2,1,1,1,1,Widening the existing lane to two lane paved shoulder from km 239.900 to 294.300 (Nayagarh to Khordha) on NH-57 in the state of Odisha विडेनिंग थे एक्सिस्टिंग लेन तो तवो लेन पवेद शोल्डर फ्रॉम कम 239.९०० तो 294.३०० (नयागढ़ तो Khordha) ों NH-५७ इन थे स्टेट ऑफ़ ओडिशा,MO/2018/54635,22.0,22.0,STATIC_REFERENCE,STATIC_REFERENCE,STATIC_REFERENCE,STATIC_REFERENCE,STATIC_REFERENCE,OBSERVED_AS_OF_SNAPSHOT,2018-09-28
54635_20181115_006,54635,2018-11-15,2017-05-17,3D,2018-09-28,48,547,48.0,6,6,3D,35100,S.O. 5781 (E),3D Notified,2,2,2,1,1,1,Widening the existing lane to two lane paved shoulder from km 239.900 to 294.300 (Nayagarh to Khordha) on NH-57 in the state of Odisha विडेनिंग थे एक्सिस्टिंग लेन तो तवो लेन पवेद शोल्डर फ्रॉम कम 239.९०० तो 294.३०० (नयागढ़ तो Khordha) ों NH-५७ इन थे स्टेट ऑफ़ ओडिशा,MO/2018/54635,22.0,22.0,STATIC_REFERENCE,STATIC_REFERENCE,STATIC_REFERENCE,STATIC_REFERENCE,STATIC_REFERENCE,OBSERVED_AS_OF_SNAPSHOT,2018-11-15
54635_20210915_007,54635,2021-09-15,2017-05-17,3D,2018-09-28,1083,1582,1035.0,7,7,3a,58267,3761(E),3a Notified,3,2,2,1,1,1,Widening the existing lane to two lane paved shoulder from km 239.900 to 294.300 (Nayagarh to Khordha) on NH-57 in the state of Odisha विडेनिंग थे एक्सिस्टिंग लेन तो तवो लेन पवेद शोल्डर फ्रॉम कम 239.९०० तो 294.३०० (नयागढ़ तो Khordha) ों NH-५७ इन थे स्टेट ऑफ़ ओडिशा,MO/2018/54635,22.0,22.0,STATIC_REFERENCE,STATIC_REFERENCE,STATIC_REFERENCE,STATIC_REFERENCE,STATIC_REFERENCE,OBSERVED_AS_OF_SNAPSHOT,2021-09-15
54635_20211115_008,54635,2021-11-15,2017-05-17,3D,2018-09-28,1144,1643,61.0,8,8,3A,56691,4732(E),3A Notified,3,3,2,1,1,1,Widening the existing lane to two lane paved shoulder from km 239.900 to 294.300 (Nayagarh to Khordha) on NH-57 in the state of Odisha विडेनिंग थे एक्सिस्टिंग लेन तो तवो लेन पवेद शोल्डर फ्रॉम कम 239.९०० तो 294.३०० (नयागढ़ तो Khordha) ों NH-५७ इन थे स्टेट ऑफ़ ओडिशा,MO/2018/54635,22.0,22.0,STATIC_REFERENCE,STATIC_REFERENCE,STATIC_REFERENCE,STATIC_REFERENCE,STATIC_REFERENCE,OBSERVED_AS_OF_SNAPSHOT,2021-11-15
54635_20220324_009,54635,2022-03-24,2017-05-17,3D,2018-09-28,1273,1772,129.0,9,9,3D,44312,1306(E),3D Notified,3,3,3,1,1,1,Widening the existing lane to two lane paved shoulder from km 239.900 to 294.300 (Nayagarh to Khordha) on NH-57 in the state of Odisha विडेनिंग थे एक्सिस्टिंग लेन तो तवो लेन पवेद शोल्डर फ्रॉम कम 239.९०० तो 294.३०० (नयागढ़ तो Khordha) ों NH-५७ इन थे स्टेट ऑफ़ ओडिशा,MO/2018/54635,22.0,22.0,STATIC_REFERENCE,STATIC_REFERENCE,STATIC_REFERENCE,STATIC_REFERENCE,STATIC_REFERENCE,OBSERVED_AS_OF_SNAPSHOT,2022-03-24
59362_20200211_001,59362,2020-02-11,2020-02-11,3a,2020-02-11,0,0,,1,1,3a,56361,2323,3a Notified,1,0,0,1,0,0,Test Project 3A टेस्ट प्रोजेक्ट ३ा,MO/2020/59362,100.0,70.0,STATIC_REFERENCE,STATIC_REFERENCE,STATIC_REFERENCE,STATIC_REFERENCE,STATIC_REFERENCE,OBSERVED_AS_OF_SNAPSHOT,2020-02-11
60432_20231012_001,60432,2023-10-12,2023-10-12,3a,2023-10-12,0,0,,1,1,3a,59173,4459,3a Notified,1,0,0,1,0,0,Development & Construction from Km 0.000 to 60.400(Nagaon to Lumding Section) NH-27(Old NH -54) under Hojai District in the state of Assam. असम राज्य में होजई जिले के अंतर्गत किमी 0.000 से 60.400 (नगांव से लामडिंग खंड) NH-27 (पुराना NH -54) तक विकास और निर्माण।,NI/2022/60432,30.6,10.5,STATIC_REFERENCE,STATIC_REFERENCE,STATIC_REFERENCE,STATIC_REFERENCE,STATIC_REFERENCE,OBSERVED_AS_OF_SNAPSHOT,2023-10-12
60681_20040519_001,60681,2004-05-19,2004-05-19,3a,2004-05-19,0,0,,1,1,3a,59791,602,3a Notified,1,0,0,1,0,0,Development & Construction from Km 204.400 to 231.000 of NH-37 under Morigaon District in the state of Assam. असम राज्य में मोरीगांव जिले के अंतर्गत किमी 204.400 से 231.000 NH-37 तक विकास और निर्माण।,NI/2022/60681,58.323,37.100922,STATIC_REFERENCE,STATIC_REFERENCE,STATIC_REFERENCE,STATIC_REFERENCE,STATIC_REFERENCE,OBSERVED_AS_OF_SNAPSHOT,2004-05-19
60681_20040519_002,60681,2004-05-19,2004-05-19,3a,2004-05-19,0,0,0.0,2,2,3a,59817,602,3a Notified,2,0,0,1,0,0,Development & Construction from Km 204.400 to 231.000 of NH-37 under Morigaon District in the state of Assam. असम राज्य में मोरीगांव जिले के अंतर्गत किमी 204.400 से 231.000 NH-37 तक विकास और निर्माण।,NI/2022/60681,58.323,37.100922,STATIC_REFERENCE,STATIC_REFERENCE,STATIC_REFERENCE,STATIC_REFERENCE,STATIC_REFERENCE,OBSERVED_AS_OF_SNAPSHOT,2004-05-19
60681_20050413_003,60681,2005-04-13,2004-05-19,3A,2005-04-13,0,329,329.0,3,3,3A,60106,560,3A Notified,2,1,0,1,1,0,Development & Construction from Km 204.400 to 231.000 of NH-37 under Morigaon District in the state of Assam. असम राज्य में मोरीगांव जिले के अंतर्गत किमी 204.400 से 231.000 NH-37 तक विकास और निर्माण।,NI/2022/60681,58.323,37.100922,STATIC_REFERENCE,STATIC_REFERENCE,STATIC_REFERENCE,STATIC_REFERENCE,STATIC_REFERENCE,OBSERVED_AS_OF_SNAPSHOT,2005-04-13
60681_20051110_004,60681,2005-11-10,2004-05-19,3D,2005-11-10,0,540,211.0,4,4,3D,46246,1592,3D Notified,2,1,1,1,1,1,Development & Construction from Km 204.400 to 231.000 of NH-37 under Morigaon District in the state of Assam. असम राज्य में मोरीगांव जिले के अंतर्गत किमी 204.400 से 231.000 NH-37 तक विकास और निर्माण।,NI/2022/60681,58.323,37.100922,STATIC_REFERENCE,STATIC_REFERENCE,STATIC_REFERENCE,STATIC_REFERENCE,STATIC_REFERENCE,OBSERVED_AS_OF_SNAPSHOT,2005-11-10
61053_20231011_001,61053,2023-10-11,2023-10-11,3a,2023-10-11,0,0,,1,1,3a,60885,4434,3a Notified,1,0,0,1,0,0,Rehabilitation and up-gradation of NH-727B of Km. 0.000 to Km. 52.345 (Tamkuhiraj to Majhauli) on EPC mode in the state of Uttar Pradesh and Bihar. उत्तर प्रदेश और बिहार राज्य के अंतर्गत एनएच-727बी (तमकुहीराज से मझौली) कि.मी. 0.000 से कि.मी. 52.345 तक के निर्माण/चौड़ीकरण का कार्य ईपीसी मोड पर।,MO/2023/61053,100.0,90.0,STATIC_REFERENCE,STATIC_REFERENCE,STATIC_REFERENCE,STATIC_REFERENCE,STATIC_REFERENCE,OBSERVED_AS_OF_SNAPSHOT,2023-10-11
61053_20240306_002,61053,2024-03-06,2023-10-11,3A,2024-03-06,0,147,147.0,2,2,3A,67707,1079,3A Notified,1,1,0,1,1,0,Rehabilitation and up-gradation of NH-727B of Km. 0.000 to Km. 52.345 (Tamkuhiraj to Majhauli) on EPC mode in the state of Uttar Pradesh and Bihar. उत्तर प्रदेश और बिहार राज्य के अंतर्गत एनएच-727बी (तमकुहीराज से मझौली) कि.मी. 0.000 से कि.मी. 52.345 तक के निर्माण/चौड़ीकरण का कार्य ईपीसी मोड पर।,MO/2023/61053,100.0,90.0,STATIC_REFERENCE,STATIC_REFERENCE,STATIC_REFERENCE,STATIC_REFERENCE,STATIC_REFERENCE,OBSERVED_AS_OF_SNAPSHOT,2024-03-06
61053_20240614_003,61053,2024-06-14,2023-10-11,3D,2024-06-14,0,247,100.0,3,3,3D,54973,2331,3D Notified,1,1,1,1,1,1,Rehabilitation and up-gradation of NH-727B of Km. 0.000 to Km. 52.345 (Tamkuhiraj to Majhauli) on EPC mode in the state of Uttar Pradesh and Bihar. उत्तर प्रदेश और बिहार राज्य के अंतर्गत एनएच-727बी (तमकुहीराज से मझौली) कि.मी. 0.000 से कि.मी. 52.345 तक के निर्माण/चौड़ीकरण का कार्य ईपीसी मोड पर।,MO/2023/61053,100.0,90.0,STATIC_REFERENCE,STATIC_REFERENCE,STATIC_REFERENCE,STATIC_REFERENCE,STATIC_REFERENCE,OBSERVED_AS_OF_SNAPSHOT,2024-06-14
