target,feature,spearman,single_feature_auc,positive_mean,negative_mean,relative_mean_difference,n
delay_next_30d,days_in_current_stage,0.01682752923709563,0.5261687356486797,96.4375,92.23418621179815,0.04557218923740215,11672
delay_next_30d,days_since_project_start,-0.007425986657316888,0.488472173814991,157.93269230769232,167.35341151385927,-0.05629236429032568,11672
delay_next_30d,event_count_so_far,-0.007425986657316888,0.488472173814991,6.264423076923077,6.578447050461976,-0.04773527416578453,11672
delay_next_30d,land_required_ha,0.009883255176431203,0.5153888011863759,31.172347115384618,29.095534212864248,0.07137909506408484,11672
delay_next_30d,land_to_acquire_ha,0.00939535736086192,0.5146294839333552,24.629615865384615,23.224648329779672,0.06049467426395564,11672
delay_next_30d,total_parcels,0.007230285783546311,0.5112582050256957,393.59134615384613,363.6566275764037,0.08231588896631119,11672
delay_next_30d,affected_families,0.008510133833277516,0.5132509456494998,186.30048076923077,175.0201670220327,0.06445150829834392,11672
delay_next_30d,vulnerable_families,0.009198653954831418,0.5143189657823519,32.82211538461539,30.104122245913292,0.09028641049552838,11672
delay_next_30d,pending_approvals_count,0.0674350021129935,0.6035259827237439,4.266826923076923,2.8694029850746268,0.4870086025807744,11672
delay_next_30d,file_pending_days,0.06132783052464313,0.5954851856787491,58.36057692307692,44.972636815920396,0.2976907972275526,11672
delay_next_30d,docs_complete_pct,-0.06927647296588806,0.3921822891039309,79.40148798076923,85.22093176972281,-0.06828655434885895,11672
delay_next_30d,court_cases_count,0.052607118566341746,0.5757741170521021,1.4567307692307692,0.9848081023454158,0.47920266472363887,11672
delay_next_30d,case_age_months,0.0555960464676456,0.5824660608359302,8.646487980769232,5.805679726368159,0.48931535811366367,11672
delay_next_30d,title_disputes_parcels,0.013729394388113696,0.5203920088773167,1.7043269230769231,1.445184790334044,0.17931418492370121,11672
delay_next_30d,grievances_30d,0.06058760751472567,0.5934189799628232,5.233173076923077,3.5773809523809526,0.462850377575835,11672
delay_next_30d,compensation_awarded_cr,0.0121536445062864,0.518924415525395,7.2247836538461545,6.535020007107321,0.10554881943569629,11672
delay_next_30d,compensation_disbursed_cr,-0.022176257934136464,0.4663041890478924,0.4469079326923077,0.6849395433546553,-0.3475220739870425,11672
delay_next_30d,disbursal_pct,-0.0475960186165573,0.4276800236455087,5.854180288461539,10.465074538024163,-0.4405983189903944,11672
delay_next_30d,rnr_progress_pct,-0.027078182771169263,0.45838458804876714,9.335182692307692,12.179194029850747,-0.2335139197694437,11672
delay_next_30d,rnr_consent_pct,-0.04806057337992645,0.42516501882756547,68.23448076923077,72.75757205046199,-0.06216660553343048,11672
delay_next_30d,grievance_redressal_days,0.018601101086284287,0.5289637193496801,20.55994471153846,18.71005881307747,0.09887119634108282,11672
delay_next_30d,forest_involved,0.009235827331725953,0.5085125539883003,0.15144230769230768,0.13441719971570718,0.12665870150999028,11672
delay_next_30d,proximity_km_to_urban,0.005210187104750675,0.5081127672079164,40.245480769230774,39.62727931769723,0.015600401091817071,11672
delay_next_60d,days_in_current_stage,-0.008621500133642242,0.4903393215122055,90.74158653846153,92.5100553505535,-0.019116503664283954,11672
delay_next_60d,days_since_project_start,-0.05058324226754617,0.4434200809856656,142.93269230769232,168.86623616236162,-0.153574476722124,11672
delay_next_60d,event_count_so_far,-0.05058324226754617,0.4434200809856656,5.764423076923077,6.628874538745388,-0.13040697282316058,11672
delay_next_60d,land_required_ha,0.014242702652314036,0.5159793677263695,31.172347115384618,29.015833643911435,0.07432195462444335,11672
delay_next_60d,land_to_acquire_ha,0.01353959589367866,0.5151909106230486,24.629615865384615,23.170730756457566,0.06296241254801449,11672
delay_next_60d,total_parcels,0.010419523595007356,0.5116902542222538,393.59134615384613,362.5078413284133,0.08574574473072652,11672
delay_next_60d,affected_families,0.012263905318139978,0.5137594690249787,186.30048076923077,174.58726937269373,0.0670908677283491,11672
delay_next_60d,vulnerable_families,0.013256127737410587,0.5148684759083167,32.82211538461539,29.99981549815498,0.09407724146283436,11672
delay_next_60d,pending_approvals_count,0.09299817669221057,0.6028728622622764,4.144230769230769,2.8251845018450186,0.46688854003139707,11672
delay_next_60d,file_pending_days,0.07927810260748248,0.588939369411723,56.62379807692308,44.592158671586716,0.2698151370950045,11672
delay_next_60d,docs_complete_pct,-0.1072939482986314,0.37967885147601477,79.22403004807694,85.45788136531365,-0.07294647629501098,11672
delay_next_60d,court_cases_count,0.07566769967337408,0.57853247853392,1.4519230769230769,0.9670664206642067,0.5013685160589672,11672
delay_next_60d,case_age_months,0.07291993349853086,0.5779363402107579,8.327864182692307,5.721115036900369,0.45563655493357175,11672
delay_next_60d,title_disputes_parcels,0.019755721195955787,0.5211428691810956,1.6983173076923077,1.4357011070110701,0.18291843573762226,11672
delay_next_60d,grievances_30d,0.08440750611438146,0.5937766662822879,5.0625,3.5269372693726937,0.4353813559322034,11672
delay_next_60d,compensation_awarded_cr,0.01788519281961232,0.5200665160197275,6.978992788461539,6.527414501845019,0.06918180031142157,11672
delay_next_60d,compensation_disbursed_cr,-0.07205953759615578,0.4211064455896963,0.35307992788461545,0.7012758948339484,-0.49651780349840846,11672
delay_next_60d,disbursal_pct,-0.10334718321512987,0.386851527018876,4.845368990384615,10.719453044280444,-0.5479835612536268,11672
delay_next_60d,rnr_progress_pct,-0.0685218207342196,0.42412023444152713,8.281558894230768,12.369205442804429,-0.33046961403261177,11672
delay_next_60d,rnr_consent_pct,-0.06913312375225317,0.4224352691243259,68.24864302884615,72.93006494464944,-0.06419056282695322,11672
delay_next_60d,grievance_redressal_days,0.026805940659041818,0.5300752421586716,20.55994471153846,18.639066881918822,0.10305654471807392,11672
delay_next_60d,forest_involved,0.01330969807878494,0.5088392350269657,0.15144230769230768,0.13376383763837638,0.13216180371352784,11672
delay_next_60d,proximity_km_to_urban,0.00750837091334524,0.5084241058756741,40.24548076923077,39.60355498154981,0.016208792063742993,11672
delay_next_90d,days_in_current_stage,-0.048458739452487284,0.4547885211887754,85.18669871794872,93.24568303914045,-0.08642742546921901,11672
delay_next_90d,days_since_project_start,-0.11353568787545397,0.39425986413257375,127.9326923076923,171.6970452801228,-0.25489287192466936,11672
delay_next_90d,event_count_so_far,-0.11353568787545397,0.39425986413257375,5.264423076923077,6.7232348426707595,-0.2169806350492109,11672
delay_next_90d,land_required_ha,0.01778834225286377,0.516617070812917,31.172347115384618,28.9297717095165,0.07751790883059119,11672
delay_next_90d,land_to_acquire_ha,0.016910201076415374,0.5157971480385501,24.629615865384615,23.11250970836531,0.0656400441216562,11672
delay_next_90d,total_parcels,0.013013404572457803,0.5121567877752524,393.59134615384613,361.26736377590174,0.0894738512776242,11672
delay_next_90d,affected_families,0.015316934607235246,0.5143085806054076,186.30048076923077,174.11981964696852,0.06995562680319098,11672
delay_next_90d,vulnerable_families,0.016556165139235607,0.5154618456299073,32.82211538461539,29.8871834228703,0.09820035298137911,11672
delay_next_90d,pending_approvals_count,0.11211605579515385,0.603263302634945,4.016025641025641,2.7878933231005374,0.44052342596783606,11672
delay_next_90d,file_pending_days,0.08666029846172338,0.580949242502509,54.72115384615385,44.33979278587874,0.2341319254784912,11672
delay_next_90d,docs_complete_pct,-0.14223412642240074,0.3671925733514375,79.07006169871795,85.72509497313891,-0.0776322648170439,11672
delay_next_90d,court_cases_count,0.09419482985131533,0.5813987337529763,1.4447115384615385,0.9485801995395242,0.5230251898182724,11672
delay_next_90d,case_age_months,0.08019307135806103,0.571364528602633,8.009225961538462,5.655233691481197,0.4162502203230291,11672
delay_next_90d,title_disputes_parcels,0.02448811267183155,0.5218211763533857,1.6923076923076923,1.4259401381427474,0.1868013579531341,11672
delay_next_90d,grievances_30d,0.10064317078854998,0.5931000344987898,4.865384615384615,3.4892555640828857,0.39439044404402357,11672
delay_next_90d,compensation_awarded_cr,0.0183238896214032,0.5171177952260071,7.057065144230769,6.500045846124328,0.08569467220582232,11672
delay_next_90d,compensation_disbursed_cr,-0.13570922453969755,0.3762881700513608,0.3010734775641025,0.7213980717574827,-0.5826527830458127,11672
delay_next_90d,disbursal_pct,-0.16902977976939254,0.34591332317433143,4.05331891025641,11.048702609363009,-0.6331407357438055,11672
delay_next_90d,rnr_progress_pct,-0.11863632839215013,0.3906127778351733,7.417930288461539,12.635731676899463,-0.4129401859630387,11672
delay_next_90d,rnr_consent_pct,-0.08598107830380991,0.41967831569651887,68.27310977564103,73.11396143514966,-0.06620967547767671,11672
delay_next_90d,grievance_redressal_days,0.033479126714445626,0.5312754820606294,20.559944711538463,18.562408672294705,0.10761189856924,11672
delay_next_90d,forest_involved,0.016623071511588674,0.509191990377236,0.15144230769230768,0.13305832693783576,0.13816482724197213,11672
delay_next_90d,proximity_km_to_urban,0.009377537032715662,0.5087602942912804,40.24548076923077,39.57793706830391,0.016866561280715675,11672
