target,current_stage,n,mean_shap,median_shap,min_shap,max_shap
delay_next_30d,3A,636,0.2291786320975636,0.23431256719049998,0.11052932248276184,0.3095240053371527
delay_next_30d,3D,400,-1.4744203166008447,-1.500787518627476,-1.8054638502071612,-0.7665720206568948
delay_next_30d,3a,696,0.14432205572716308,0.14859368769975845,0.020321549265645295,0.2834504205093253
delay_next_60d,3A,636,0.22911333447629093,0.23028898128541178,0.1271121483296156,0.2944910838268696
delay_next_60d,3D,400,-1.7638877640079955,-1.7869483465328813,-2.206918096751906,-1.1030936245806515
delay_next_60d,3a,696,0.17107934908508676,0.19574226171243933,0.016912999097257898,0.2908113724552095
delay_next_90d,3A,636,0.16736824620030416,0.17174715513829156,0.022999178618192704,0.2542563308961689
delay_next_90d,3D,400,-2.0992648256974644,-2.1116523549426347,-2.5421465327381156,-1.2592488070949912
delay_next_90d,3a,696,0.2581768888462803,0.25515778723638494,0.03377817687578491,0.4260826120153068
