project_id,notification_id,notification_number,tentative_publish_date,serial_number,district,sub_district,village,survey_number,survey_number_raw,area_hectares,area_raw,land_type,land_nature,land_category,description_raw,party_count,owner_count,affected_party_count,total_party_area_hectares,notification_type
54635,34193,S.O. 5048 (E),28/09/2018,1,NAYAGARH,Nayagarh,Harekrushnapur,228,228 २२८,0.004,0.004 Hectares,Wet,Private,Rural,"Land Type: ""Wet"" Land Nature: ""Private"" Land Category: ""Rural""",2,1,1,0.004,3D
54635,34193,S.O. 5048 (E),28/09/2018,2,NAYAGARH,Nayagarh,Harekrushnapur,214,214 २१४,0.01,0.01 Hectares,Wet,Private,Rural,"Land Type: ""Wet"" Land Nature: ""Private"" Land Category: ""Rural""",2,1,1,0.01,3D
54635,34193,S.O. 5048 (E),28/09/2018,3,NAYAGARH,Nayagarh,Harekrushnapur,210,210 २१०,0.016,0.016 Hectares,Wet,Private,Rural,"Land Type: ""Wet"" Land Nature: ""Private"" Land Category: ""Rural""",2,2,0,0.016,3D
54635,34193,S.O. 5048 (E),28/09/2018,4,NAYAGARH,Nayagarh,Harekrushnapur,209,209 २०९,0.02,0.02 Hectares,Wet,Private,Rural,"Land Type: ""Wet"" Land Nature: ""Private"" Land Category: ""Rural""",2,1,1,0.02,3D
54635,34193,S.O. 5048 (E),28/09/2018,5,NAYAGARH,Nayagarh,Harekrushnapur,213/629,213/629 २१३/६२९,0.032,0.032 Hectares,Wet,Private,Rural,"Land Type: ""Wet"" Land Nature: ""Private"" Land Category: ""Rural""",2,1,1,0.032,3D
54635,34193,S.O. 5048 (E),28/09/2018,6,NAYAGARH,Nayagarh,Harekrushnapur,200,200 २००,0.002,0.002 Hectares,Wet,Private,Rural,"Land Type: ""Wet"" Land Nature: ""Private"" Land Category: ""Rural""",2,1,1,0.002,3D
54635,34193,S.O. 5048 (E),28/09/2018,7,NAYAGARH,Nayagarh,Harekrushnapur,199/746,199/746 १९९/७४६,0.002,0.002 Hectares,Wet,Private,Rural,"Land Type: ""Wet"" Land Nature: ""Private"" Land Category: ""Rural""",1,1,0,0.002,3D
54635,34193,S.O. 5048 (E),28/09/2018,8,NAYAGARH,Nayagarh,Harekrushnapur,337,337 ३३७,0.002,0.002 Hectares,Wet,Private,Rural,"Land Type: ""Wet"" Land Nature: ""Private"" Land Category: ""Rural""",1,1,0,0.002,3D
54635,34193,S.O. 5048 (E),28/09/2018,9,NAYAGARH,Nayagarh,Harekrushnapur,338,338 ३३८,0.002,0.002 Hectares,Wet,Private,Rural,"Land Type: ""Wet"" Land Nature: ""Private"" Land Category: ""Rural""",1,1,0,0.002,3D
54635,34193,S.O. 5048 (E),28/09/2018,10,NAYAGARH,Nayagarh,Harekrushnapur,340/750,340/750 ३४०/७५०,0.004,0.004 Hectares,Wet,Private,Rural,"Land Type: ""Wet"" Land Nature: ""Private"" Land Category: ""Rural""",1,1,0,0.004,3D
54635,34193,S.O. 5048 (E),28/09/2018,11,NAYAGARH,Nayagarh,Harekrushnapur,341,341 ३४१,0.002,0.002 Hectares,Wet,Private,Rural,"Land Type: ""Wet"" Land Nature: ""Private"" Land Category: ""Rural""",1,1,0,0.002,3D
54635,34193,S.O. 5048 (E),28/09/2018,12,NAYAGARH,Nayagarh,Harekrushnapur,342,342 ३४२,0.002,0.002 Hectares,Wet,Private,Rural,"Land Type: ""Wet"" Land Nature: ""Private"" Land Category: ""Rural""",2,2,0,0.002,3D
54635,34193,S.O. 5048 (E),28/09/2018,13,NAYAGARH,Nayagarh,Harekrushnapur,343,343 ३४३,0.002,0.002 Hectares,Wet,Private,Rural,"Land Type: ""Wet"" Land Nature: ""Private"" Land Category: ""Rural""",2,2,0,0.004,3D
54635,34193,S.O. 5048 (E),28/09/2018,14,NAYAGARH,Nayagarh,Badapandusar,1211,1211 १२११,0.014,0.014 Hectares,Wet,Private,Rural,"Land Type: ""Wet"" Land Nature: ""Private"" Land Category: ""Rural""",1,1,0,0.014,3D
54635,34193,S.O. 5048 (E),28/09/2018,15,NAYAGARH,Nayagarh,Badapandusar,1212,1212 १२१२,0.01,0.01 Hectares,Wet,Private,Rural,"Land Type: ""Wet"" Land Nature: ""Private"" Land Category: ""Rural""",2,1,1,0.01,3D
54635,34193,S.O. 5048 (E),28/09/2018,16,NAYAGARH,Nayagarh,Badapandusar,1213,1213 १२१३,0.01,0.01 Hectares,Wet,Private,Rural,"Land Type: ""Wet"" Land Nature: ""Private"" Land Category: ""Rural""",1,1,0,0.01,3D
54635,34193,S.O. 5048 (E),28/09/2018,17,NAYAGARH,Nayagarh,Badapandusar,1214,1214 १२१४,0.002,0.002 Hectares,Wet,Private,Rural,"Land Type: ""Wet"" Land Nature: ""Private"" Land Category: ""Rural""",2,1,1,0.002,3D
54635,34193,S.O. 5048 (E),28/09/2018,18,NAYAGARH,Nayagarh,Badapandusar,1215,1215 १२१५,0.002,0.002 Hectares,Wet,Private,Rural,"Land Type: ""Wet"" Land Nature: ""Private"" Land Category: ""Rural""",1,1,0,0.002,3D
54635,34193,S.O. 5048 (E),28/09/2018,19,NAYAGARH,Nayagarh,Badapandusar,1216,1216 १२१६,0.04,0.04 Hectares,Wet,Private,Rural,"Land Type: ""Wet"" Land Nature: ""Private"" Land Category: ""Rural""",4,3,1,0.0602347,3D
54635,34193,S.O. 5048 (E),28/09/2018,20,NAYAGARH,Nayagarh,Badapandusar,1217,1217 १२१७,0.057,0.057 Hectares,Wet,Private,Rural,"Land Type: ""Wet"" Land Nature: ""Private"" Land Category: ""Rural""",2,2,0,0.057,3D
54635,34193,S.O. 5048 (E),28/09/2018,21,NAYAGARH,Nayagarh,Badapandusar,1218,1218 १२१८,0.024,0.024 Hectares,Wet,Private,Rural,"Land Type: ""Wet"" Land Nature: ""Private"" Land Category: ""Rural""",1,1,0,0.024,3D
54635,34193,S.O. 5048 (E),28/09/2018,22,NAYAGARH,Nayagarh,Badapandusar,1219,1219 १२१९,0.061,0.061 Hectares,Wet,Private,Rural,"Land Type: ""Wet"" Land Nature: ""Private"" Land Category: ""Rural""",1,1,0,0.061,3D
54635,34193,S.O. 5048 (E),28/09/2018,23,NAYAGARH,Nayagarh,Badapandusar,1220,1220 १२२०,0.077,0.077 Hectares,Wet,Private,Rural,"Land Type: ""Wet"" Land Nature: ""Private"" Land Category: ""Rural""",2,2,0,0.077,3D
54635,34193,S.O. 5048 (E),28/09/2018,24,NAYAGARH,Nayagarh,Badapandusar,1220/3495,1220/3495 १२२०/३४९५,0.016,0.016 Hectares,Wet,Private,Rural,"Land Type: ""Wet"" Land Nature: ""Private"" Land Category: ""Rural""",1,1,0,0.016,3D
54635,34193,S.O. 5048 (E),28/09/2018,25,NAYAGARH,Nayagarh,Badapandusar,1221,1221 १२२१,0.049,0.049 Hectares,Wet,Private,Rural,"Land Type: ""Wet"" Land Nature: ""Private"" Land Category: ""Rural""",2,1,1,0.049,3D
54635,34193,S.O. 5048 (E),28/09/2018,26,NAYAGARH,Nayagarh,Badapandusar,1222,1222 १२२२,0.022,0.022 Hectares,Wet,Private,Rural,"Land Type: ""Wet"" Land Nature: ""Private"" Land Category: ""Rural""",2,2,0,0.022,3D
54635,34193,S.O. 5048 (E),28/09/2018,27,NAYAGARH,Nayagarh,Badapandusar,1223,1223 १२२३,0.04,0.04 Hectares,Wet,Private,Rural,"Land Type: ""Wet"" Land Nature: ""Private"" Land Category: ""Rural""",3,2,1,0.0402347,3D
54635,34193,S.O. 5048 (E),28/09/2018,28,NAYAGARH,Nayagarh,Badapandusar,1224,1224 १२२४,0.024,0.024 Hectares,Wet,Private,Rural,"Land Type: ""Wet"" Land Nature: ""Private"" Land Category: ""Rural""",2,1,1,0.024,3D
54635,34193,S.O. 5048 (E),28/09/2018,29,NAYAGARH,Nayagarh,Badapandusar,1225,1225 १२२५,0.018,0.018 Hectares,Wet,Private,Rural,"Land Type: ""Wet"" Land Nature: ""Private"" Land Category: ""Rural""",1,1,0,0.018,3D
54635,34193,S.O. 5048 (E),28/09/2018,30,NAYAGARH,Nayagarh,Badapandusar,1154,1154 ११५४,0.006,0.006 Hectares,Wet,Private,Rural,"Land Type: ""Wet"" Land Nature: ""Private"" Land Category: ""Rural""",1,1,0,0.006,3D
54635,34193,S.O. 5048 (E),28/09/2018,31,NAYAGARH,Nayagarh,Badapandusar,1155,1155 ११५५,0.069,0.069 Hectares,Wet,Private,Rural,"Land Type: ""Wet"" Land Nature: ""Private"" Land Category: ""Rural""",2,2,0,0.069,3D
54635,34193,S.O. 5048 (E),28/09/2018,32,NAYAGARH,Nayagarh,Badapandusar,1156,1156 ११५६,0.02,0.02 Hectares,Wet,Private,Rural,"Land Type: ""Wet"" Land Nature: ""Private"" Land Category: ""Rural""",2,2,0,0.02,3D
54635,34193,S.O. 5048 (E),28/09/2018,33,NAYAGARH,Nayagarh,Badapandusar,1157,1157 ११५७,0.016,0.016 Hectares,Wet,Private,Rural,"Land Type: ""Wet"" Land Nature: ""Private"" Land Category: ""Rural""",1,1,0,0.016,3D
54635,34193,S.O. 5048 (E),28/09/2018,34,NAYAGARH,Nayagarh,Badapandusar,1158,1158 ११५८,0.024,0.024 Hectares,Wet,Private,Rural,"Land Type: ""Wet"" Land Nature: ""Private"" Land Category: ""Rural""",2,1,1,0.024,3D
54635,34193,S.O. 5048 (E),28/09/2018,35,NAYAGARH,Nayagarh,Badapandusar,1159,1159 ११५९,0.02,0.02 Hectares,Wet,Private,Rural,"Land Type: ""Wet"" Land Nature: ""Private"" Land Category: ""Rural""",1,1,0,0.02,3D
54635,34193,S.O. 5048 (E),28/09/2018,36,NAYAGARH,Nayagarh,Badapandusar,1164,1164 ११६४,0.002,0.002 Hectares,Wet,Private,Rural,"Land Type: ""Wet"" Land Nature: ""Private"" Land Category: ""Rural""",2,1,1,0.002,3D
54635,34193,S.O. 5048 (E),28/09/2018,37,NAYAGARH,Nayagarh,Badapandusar,1166,1166 ११६६,0.057,0.057 Hectares,Wet,Private,Rural,"Land Type: ""Wet"" Land Nature: ""Private"" Land Category: ""Rural""",1,1,0,0.057,3D
54635,34193,S.O. 5048 (E),28/09/2018,38,NAYAGARH,Nayagarh,Badapandusar,1167,1167 ११६७,0.113,0.113 Hectares,Wet,Private,Rural,"Land Type: ""Wet"" Land Nature: ""Private"" Land Category: ""Rural""",1,1,0,0.113,3D
54635,34193,S.O. 5048 (E),28/09/2018,39,NAYAGARH,Nayagarh,Badapandusar,1168,1168 ११६८,0.008,0.008 Hectares,Wet,Private,Rural,"Land Type: ""Wet"" Land Nature: ""Private"" Land Category: ""Rural""",1,1,0,0.008,3D
54635,34193,S.O. 5048 (E),28/09/2018,40,NAYAGARH,Nayagarh,Badapandusar,1169,1169 ११६९,0.004,0.004 Hectares,Wet,Private,Rural,"Land Type: ""Wet"" Land Nature: ""Private"" Land Category: ""Rural""",1,1,0,0.004,3D
54635,34193,S.O. 5048 (E),28/09/2018,41,NAYAGARH,Nayagarh,Badapandusar,1170,1170 ११७०,0.012,0.012 Hectares,Wet,Private,Rural,"Land Type: ""Wet"" Land Nature: ""Private"" Land Category: ""Rural""",1,1,0,0.012,3D
54635,34193,S.O. 5048 (E),28/09/2018,42,NAYAGARH,Nayagarh,Badapandusar,1171,1171 ११७१,0.002,0.002 Hectares,Wet,Private,Rural,"Land Type: ""Wet"" Land Nature: ""Private"" Land Category: ""Rural""",2,1,1,0.002,3D
54635,34193,S.O. 5048 (E),28/09/2018,43,NAYAGARH,Nayagarh,Badapandusar,2586,2586 २५८६,0.002,0.002 Hectares,Wet,Private,Rural,"Land Type: ""Wet"" Land Nature: ""Private"" Land Category: ""Rural""",2,1,1,0.002,3D
54635,34193,S.O. 5048 (E),28/09/2018,44,NAYAGARH,Nayagarh,Badapandusar,2587,2587 २५८७,0.016,0.016 Hectares,Wet,Private,Rural,"Land Type: ""Wet"" Land Nature: ""Private"" Land Category: ""Rural""",1,1,0,0.016,3D
54635,34193,S.O. 5048 (E),28/09/2018,45,NAYAGARH,Nayagarh,Badapandusar,2588,2588 २५८८,0.002,0.002 Hectares,Wet,Private,Rural,"Land Type: ""Wet"" Land Nature: ""Private"" Land Category: ""Rural""",1,1,0,0.002,3D
54635,34193,S.O. 5048 (E),28/09/2018,46,NAYAGARH,Nayagarh,Badapandusar,2589,2589 २५८९,0.002,0.002 Hectares,Wet,Private,Rural,"Land Type: ""Wet"" Land Nature: ""Private"" Land Category: ""Rural""",1,1,0,0.002,3D
54635,35100,S.O. 5781 (E),15/11/2018,1,KHORDHA,Khordha,Pubusahi,328,328 ३२८,0.0397,0.0397 Hectares,Wet,Government,Rural,"Land Type: ""Wet"" Land Nature: ""Government"" Land Category: ""Rural""",1,1,0,0.0397,3D
54635,35100,S.O. 5781 (E),15/11/2018,2,KHORDHA,Khordha,Pubusahi,309,309 ३०९,0.0008,0.0008 Hectares,Wet,Private,Rural,"Land Type: ""Wet"" Land Nature: ""Private"" Land Category: ""Rural""",2,2,0,0.0016,3D
54635,35100,S.O. 5781 (E),15/11/2018,3,KHORDHA,Khordha,Pubusahi,310,310 ३१०,0.0008,0.0008 Hectares,Wet,Private,Rural,"Land Type: ""Wet"" Land Nature: ""Private"" Land Category: ""Rural""",2,2,0,0.0016,3D
54635,35100,S.O. 5781 (E),15/11/2018,4,KHORDHA,Khordha,Pubusahi,321,321 ३२१,0.0004,0.0004 Hectares,Wet,Government,Rural,"Land Type: ""Wet"" Land Nature: ""Government"" Land Category: ""Rural""",1,1,0,0.0004,3D
54635,35100,S.O. 5781 (E),15/11/2018,5,KHORDHA,Khordha,Pubusahi,327,327 ३२७,0.0008,0.0008 Hectares,Wet,Private,Rural,"Land Type: ""Wet"" Land Nature: ""Private"" Land Category: ""Rural""",1,1,0,0.0008,3D
54635,35100,S.O. 5781 (E),15/11/2018,6,KHORDHA,Khordha,Pubusahi,329,329 ३२९,0.0016,0.0016 Hectares,Wet,Private,Rural,"Land Type: ""Wet"" Land Nature: ""Private"" Land Category: ""Rural""",1,1,0,0.0016,3D
54635,35100,S.O. 5781 (E),15/11/2018,7,KHORDHA,Khordha,Pubusahi,330,330 ३३०,0.0016,0.0016 Hectares,Wet,Private,Rural,"Land Type: ""Wet"" Land Nature: ""Private"" Land Category: ""Rural""",2,2,0,0.0032,3D
54635,35100,S.O. 5781 (E),15/11/2018,8,KHORDHA,Khordha,Pubusahi,348,348 ३४८,0.0016,0.0016 Hectares,Wet,Government,Rural,"Land Type: ""Wet"" Land Nature: ""Government"" Land Category: ""Rural""",1,1,0,0.0016,3D
54635,35100,S.O. 5781 (E),15/11/2018,9,KHORDHA,Khordha,Pubusahi,349,349 ३४९,0.0016,0.0016 Hectares,Wet,Government,Rural,"Land Type: ""Wet"" Land Nature: ""Government"" Land Category: ""Rural""",1,1,0,0.0016,3D
54635,35100,S.O. 5781 (E),15/11/2018,10,KHORDHA,Khordha,Pubusahi,350,350 ३५०,0.0016,0.0016 Hectares,Wet,Government,Rural,"Land Type: ""Wet"" Land Nature: ""Government"" Land Category: ""Rural""",1,1,0,0.0016,3D
54635,35100,S.O. 5781 (E),15/11/2018,11,KHORDHA,Khordha,Pubusahi,362,362 ३६२,0.0016,0.0016 Hectares,Wet,Private,Rural,"Land Type: ""Wet"" Land Nature: ""Private"" Land Category: ""Rural""",1,1,0,0.0016,3D
54635,35100,S.O. 5781 (E),15/11/2018,12,KHORDHA,Khordha,Pubusahi,261,261 २६१,0.002,0.002 Hectares,Wet,Private,Rural,"Land Type: ""Wet"" Land Nature: ""Private"" Land Category: ""Rural""",1,1,0,0.002,3D
54635,35100,S.O. 5781 (E),15/11/2018,13,KHORDHA,Khordha,Pubusahi,260,260 २६०,0.0004,0.0004 Hectares,Wet,Government,Rural,"Land Type: ""Wet"" Land Nature: ""Government"" Land Category: ""Rural""",1,1,0,0.0004,3D
54635,35100,S.O. 5781 (E),15/11/2018,14,KHORDHA,Khordha,Pubusahi,259,259 २५९,0.0016,0.0016 Hectares,Wet,Government,Rural,"Land Type: ""Wet"" Land Nature: ""Government"" Land Category: ""Rural""",1,1,0,0.0016,3D
54635,35100,S.O. 5781 (E),15/11/2018,15,KHORDHA,Khordha,Pubusahi,258,258 २५८,0.0008,0.0008 Hectares,Wet,Government,Rural,"Land Type: ""Wet"" Land Nature: ""Government"" Land Category: ""Rural""",1,1,0,0.0008,3D
54635,35100,S.O. 5781 (E),15/11/2018,16,KHORDHA,Khordha,Pubusahi,257,257 २५७,0.0012,0.0012 Hectares,Wet,Government,Rural,"Land Type: ""Wet"" Land Nature: ""Government"" Land Category: ""Rural""",1,1,0,0.0012,3D
54635,35100,S.O. 5781 (E),15/11/2018,17,KHORDHA,Khordha,Pubusahi,254,254 २५४,0.0012,0.0012 Hectares,Wet,Government,Rural,"Land Type: ""Wet"" Land Nature: ""Government"" Land Category: ""Rural""",1,1,0,0.0012,3D
54635,35100,S.O. 5781 (E),15/11/2018,18,KHORDHA,Khordha,Pubusahi,253,253 २५३,0.0012,0.0012 Hectares,Wet,Government,Rural,"Land Type: ""Wet"" Land Nature: ""Government"" Land Category: ""Rural""",1,1,0,0.0012,3D
54635,35100,S.O. 5781 (E),15/11/2018,19,KHORDHA,Khordha,Pubusahi,252,252 २५२,0.0012,0.0012 Hectares,Wet,Government,Rural,"Land Type: ""Wet"" Land Nature: ""Government"" Land Category: ""Rural""",1,1,0,0.0012,3D
54635,35100,S.O. 5781 (E),15/11/2018,20,KHORDHA,Khordha,Pubusahi,241,241 २४१,0.0012,0.0012 Hectares,Wet,Government,Rural,"Land Type: ""Wet"" Land Nature: ""Government"" Land Category: ""Rural""",1,1,0,0.0012,3D
54635,35100,S.O. 5781 (E),15/11/2018,21,KHORDHA,Khordha,Pubusahi,240,240 २४०,0.004,0.004 Hectares,Wet,Government,Rural,"Land Type: ""Wet"" Land Nature: ""Government"" Land Category: ""Rural""",1,1,0,0.004,3D
54635,35100,S.O. 5781 (E),15/11/2018,22,KHORDHA,Khordha,Pubusahi,238,238 २३८,0.0004,0.0004 Hectares,Wet,Government,Rural,"Land Type: ""Wet"" Land Nature: ""Government"" Land Category: ""Rural""",1,1,0,0.0004,3D
54635,35100,S.O. 5781 (E),15/11/2018,23,KHORDHA,Khordha,Pubusahi,236,236 २३६,0.0016,0.0016 Hectares,Wet,Government,Rural,"Land Type: ""Wet"" Land Nature: ""Government"" Land Category: ""Rural""",1,1,0,0.0016,3D
54635,35100,S.O. 5781 (E),15/11/2018,24,KHORDHA,Khordha,Pubusahi,235,235 २३५,0.0008,0.0008 Hectares,Wet,Government,Rural,"Land Type: ""Wet"" Land Nature: ""Government"" Land Category: ""Rural""",1,1,0,0.0008,3D
54635,35100,S.O. 5781 (E),15/11/2018,25,KHORDHA,Khordha,Pubusahi,234,234 २३४,0.0113,0.0113 Hectares,Wet,Government,Rural,"Land Type: ""Wet"" Land Nature: ""Government"" Land Category: ""Rural""",1,1,0,0.0113,3D
54635,35100,S.O. 5781 (E),15/11/2018,26,KHORDHA,Khordha,Pubusahi,233,233 २३३,0.0012,0.0012 Hectares,Wet,Private,Rural,"Land Type: ""Wet"" Land Nature: ""Private"" Land Category: ""Rural""",2,2,0,0.0024,3D
54635,35100,S.O. 5781 (E),15/11/2018,27,KHORDHA,Khordha,Pubusahi,232,232 २३२,0.0012,0.0012 Hectares,Wet,Private,Rural,"Land Type: ""Wet"" Land Nature: ""Private"" Land Category: ""Rural""",1,1,0,0.0012,3D
54635,35100,S.O. 5781 (E),15/11/2018,28,KHORDHA,Khordha,Pubusahi,335,335 ३३५,0.0045,0.0045 Hectares,Wet,Government,Rural,"Land Type: ""Wet"" Land Nature: ""Government"" Land Category: ""Rural""",1,1,0,0.0045,3D
54635,35100,S.O. 5781 (E),15/11/2018,29,KHORDHA,Khordha,Pubusahi,231,231 २३१,0.004,0.004 Hectares,Wet,Private,Rural,"Land Type: ""Wet"" Land Nature: ""Private"" Land Category: ""Rural""",1,1,0,0.004,3D
54635,35100,S.O. 5781 (E),15/11/2018,30,KHORDHA,Khordha,Pubusahi,230,230 २३०,0.0028,0.0028 Hectares,Wet,Private,Rural,"Land Type: ""Wet"" Land Nature: ""Private"" Land Category: ""Rural""",1,1,0,0.0028,3D
54635,35100,S.O. 5781 (E),15/11/2018,31,KHORDHA,Khordha,Pubusahi,229,229 २२९,0.002,0.002 Hectares,Wet,Private,Rural,"Land Type: ""Wet"" Land Nature: ""Private"" Land Category: ""Rural""",1,1,0,0.002,3D
54635,35100,S.O. 5781 (E),15/11/2018,32,KHORDHA,Khordha,Pubusahi,198,198 १९८,0.0028,0.0028 Hectares,Wet,Government,Rural,"Land Type: ""Wet"" Land Nature: ""Government"" Land Category: ""Rural""",1,1,0,0.0028,3D
54635,35100,S.O. 5781 (E),15/11/2018,33,KHORDHA,Khordha,Pubusahi,197,197 १९७,0.0049,0.0049 Hectares,Wet,Government,Rural,"Land Type: ""Wet"" Land Nature: ""Government"" Land Category: ""Rural""",1,1,0,0.0049,3D
54635,35100,S.O. 5781 (E),15/11/2018,34,KHORDHA,Khordha,Pubusahi,196,196 १९६,0.0028,0.0028 Hectares,Wet,Government,Rural,"Land Type: ""Wet"" Land Nature: ""Government"" Land Category: ""Rural""",1,1,0,0.0028,3D
54635,35100,S.O. 5781 (E),15/11/2018,35,KHORDHA,Khordha,Pubusahi,195,195 १९५,0.0028,0.0028 Hectares,Wet,Government,Rural,"Land Type: ""Wet"" Land Nature: ""Government"" Land Category: ""Rural""",1,1,0,0.0028,3D
54635,35100,S.O. 5781 (E),15/11/2018,36,KHORDHA,Khordha,Pubusahi,192,192 १९२,0.0146,0.0146 Hectares,Wet,Government,Rural,"Land Type: ""Wet"" Land Nature: ""Government"" Land Category: ""Rural""",1,1,0,0.0146,3D
54635,35100,S.O. 5781 (E),15/11/2018,37,KHORDHA,Khordha,Pubusahi,191,191 १९१,0.0028,0.0028 Hectares,Wet,Private,Rural,"Land Type: ""Wet"" Land Nature: ""Private"" Land Category: ""Rural""",1,1,0,0.0028,3D
54635,35100,S.O. 5781 (E),15/11/2018,38,KHORDHA,Khordha,Pubusahi,190,190 १९०,0.0024,0.0024 Hectares,Wet,Private,Rural,"Land Type: ""Wet"" Land Nature: ""Private"" Land Category: ""Rural""",1,1,0,0.0024,3D
54635,35100,S.O. 5781 (E),15/11/2018,39,KHORDHA,Khordha,Pubusahi,189,189 १८९,0.0024,0.0024 Hectares,Wet,Private,Rural,"Land Type: ""Wet"" Land Nature: ""Private"" Land Category: ""Rural""",2,2,0,0.0048,3D
54635,35100,S.O. 5781 (E),15/11/2018,40,KHORDHA,Khordha,Pubusahi,188,188 १८८,0.0024,0.0024 Hectares,Wet,Private,Rural,"Land Type: ""Wet"" Land Nature: ""Private"" Land Category: ""Rural""",3,3,0,0.0048,3D
54635,35100,S.O. 5781 (E),15/11/2018,41,KHORDHA,Khordha,Pubusahi,187,187 १८७,0.0024,0.0024 Hectares,Wet,Private,Rural,"Land Type: ""Wet"" Land Nature: ""Private"" Land Category: ""Rural""",1,1,0,0.0024,3D
54635,35100,S.O. 5781 (E),15/11/2018,42,KHORDHA,Khordha,Pubusahi,186,186 १८६,0.0008,0.0008 Hectares,Wet,Private,Rural,"Land Type: ""Wet"" Land Nature: ""Private"" Land Category: ""Rural""",1,1,0,0.0008,3D
54635,35100,S.O. 5781 (E),15/11/2018,43,KHORDHA,Khordha,Pubusahi,185,185 १८५,0.002,0.002 Hectares,Wet,Private,Rural,"Land Type: ""Wet"" Land Nature: ""Private"" Land Category: ""Rural""",1,1,0,0.002,3D
54635,35100,S.O. 5781 (E),15/11/2018,44,KHORDHA,Khordha,Pubusahi,181,181 १८१,0.0061,0.0061 Hectares,Wet,Private,Rural,"Land Type: ""Wet"" Land Nature: ""Private"" Land Category: ""Rural""",1,1,0,0.0061,3D
54635,35100,S.O. 5781 (E),15/11/2018,45,KHORDHA,Khordha,Pubusahi,180,180 १८०,0.0049,0.0049 Hectares,Wet,Private,Rural,"Land Type: ""Wet"" Land Nature: ""Private"" Land Category: ""Rural""",2,2,0,0.0098,3D
54635,35100,S.O. 5781 (E),15/11/2018,46,KHORDHA,Khordha,Pubusahi,179,179 १७९,0.0032,0.0032 Hectares,Wet,Private,Rural,"Land Type: ""Wet"" Land Nature: ""Private"" Land Category: ""Rural""",1,1,0,0.0032,3D
54635,35100,S.O. 5781 (E),15/11/2018,47,KHORDHA,Khordha,Pubusahi,175,175 १७५,0.0069,0.0069 Hectares,Wet,Private,Rural,"Land Type: ""Wet"" Land Nature: ""Private"" Land Category: ""Rural""",1,1,0,0.0069,3D
54635,35100,S.O. 5781 (E),15/11/2018,48,KHORDHA,Khordha,Pubusahi,174,174 १७४,0.0053,0.0053 Hectares,Wet,Private,Rural,"Land Type: ""Wet"" Land Nature: ""Private"" Land Category: ""Rural""",2,2,0,0.0104999999999999,3D
54635,35100,S.O. 5781 (E),15/11/2018,49,KHORDHA,Khordha,Pubusahi,172,172 १७२,0.0049,0.0049 Hectares,Wet,Private,Rural,"Land Type: ""Wet"" Land Nature: ""Private"" Land Category: ""Rural""",2,2,0,0.0097,3D
54635,35100,S.O. 5781 (E),15/11/2018,50,KHORDHA,Khordha,Pubusahi,171,171 १७१,0.002,0.002 Hectares,Wet,Private,Rural,"Land Type: ""Wet"" Land Nature: ""Private"" Land Category: ""Rural""",1,1,0,0.002,3D
54635,35100,S.O. 5781 (E),15/11/2018,51,KHORDHA,Khordha,Pubusahi,170,170 १७०,0.0024,0.0024 Hectares,Wet,Private,Rural,"Land Type: ""Wet"" Land Nature: ""Private"" Land Category: ""Rural""",2,2,0,0.0048,3D
54635,35100,S.O. 5781 (E),15/11/2018,52,KHORDHA,Khordha,Pubusahi,169,169 १६९,0.0024,0.0024 Hectares,Wet,Private,Rural,"Land Type: ""Wet"" Land Nature: ""Private"" Land Category: ""Rural""",1,1,0,0.0024,3D
54635,35100,S.O. 5781 (E),15/11/2018,53,KHORDHA,Khordha,Pubusahi,168,168 १६८,0.0032,0.0032 Hectares,Wet,Private,Rural,"Land Type: ""Wet"" Land Nature: ""Private"" Land Category: ""Rural""",1,1,0,0.0032,3D
54635,35100,S.O. 5781 (E),15/11/2018,54,KHORDHA,Khordha,Pubusahi,331,331 ३३१,0.0045,0.0045 Hectares,Wet,Private,Rural,"Land Type: ""Wet"" Land Nature: ""Private"" Land Category: ""Rural""",1,1,0,0.0045,3D
54635,35100,S.O. 5781 (E),15/11/2018,55,KHORDHA,Khordha,Pubusahi,332,332 ३३२,0.0016,0.0016 Hectares,Wet,Private,Rural,"Land Type: ""Wet"" Land Nature: ""Private"" Land Category: ""Rural""",1,1,0,0.0016,3D
54635,35100,S.O. 5781 (E),15/11/2018,56,KHORDHA,Khordha,Pubusahi,333,333 ३३३,0.0004,0.0004 Hectares,Wet,Private,Rural,"Land Type: ""Wet"" Land Nature: ""Private"" Land Category: ""Rural""",1,1,0,0.0004,3D
54635,35100,S.O. 5781 (E),15/11/2018,57,KHORDHA,Khordha,Pubusahi,334,334 ३३४,0.002,0.002 Hectares,Wet,Private,Rural,"Land Type: ""Wet"" Land Nature: ""Private"" Land Category: ""Rural""",1,1,0,0.002,3D
54635,35100,S.O. 5781 (E),15/11/2018,58,KHORDHA,Khordha,Pubusahi,336,336 ३३६,0.0008,0.0008 Hectares,Wet,Private,Rural,"Land Type: ""Wet"" Land Nature: ""Private"" Land Category: ""Rural""",1,1,0,0.0008,3D
54635,35100,S.O. 5781 (E),15/11/2018,59,KHORDHA,Khordha,Pubusahi,338,338 ३३८,0.0008,0.0008 Hectares,Wet,Private,Rural,"Land Type: ""Wet"" Land Nature: ""Private"" Land Category: ""Rural""",1,1,0,0.0008,3D
54635,35100,S.O. 5781 (E),15/11/2018,60,KHORDHA,Khordha,Pubusahi,339,339 ३३९,0.0004,0.0004 Hectares,Wet,Private,Rural,"Land Type: ""Wet"" Land Nature: ""Private"" Land Category: ""Rural""",3,3,0,0.0008,3D
54635,35100,S.O. 5781 (E),15/11/2018,61,KHORDHA,Khordha,Pubusahi,387,387 ३८७,0.0004,0.0004 Hectares,Wet,Government,Rural,"Land Type: ""Wet"" Land Nature: ""Government"" Land Category: ""Rural""",1,1,0,0.0004,3D
54635,35100,S.O. 5781 (E),15/11/2018,62,KHORDHA,Khordha,Pubusahi,388,388 ३८८,0.0016,0.0016 Hectares,Wet,Private,Rural,"Land Type: ""Wet"" Land Nature: ""Private"" Land Category: ""Rural""",2,2,0,0.0032,3D
54635,35100,S.O. 5781 (E),15/11/2018,63,KHORDHA,Khordha,Pubusahi,389,389 ३८९,0.0008,0.0008 Hectares,Wet,Private,Rural,"Land Type: ""Wet"" Land Nature: ""Private"" Land Category: ""Rural""",1,1,0,0.0008,3D
54635,35100,S.O. 5781 (E),15/11/2018,64,KHORDHA,Khordha,Pubusahi,390,390 ३९०,0.0008,0.0008 Hectares,Wet,Private,Rural,"Land Type: ""Wet"" Land Nature: ""Private"" Land Category: ""Rural""",1,1,0,0.0008,3D
54635,35100,S.O. 5781 (E),15/11/2018,65,KHORDHA,Khordha,Pubusahi,391,391 ३९१,0.002,0.002 Hectares,Wet,Private,Rural,"Land Type: ""Wet"" Land Nature: ""Private"" Land Category: ""Rural""",2,2,0,0.004,3D
54635,35100,S.O. 5781 (E),15/11/2018,66,KHORDHA,Khordha,Pubusahi,392,392 ३९२,0.0024,0.0024 Hectares,Wet,Private,Rural,"Land Type: ""Wet"" Land Nature: ""Private"" Land Category: ""Rural""",1,1,0,0.0024,3D
54635,35100,S.O. 5781 (E),15/11/2018,67,KHORDHA,Khordha,Pubusahi,393,393 ३९३,0.0024,0.0024 Hectares,Wet,Private,Rural,"Land Type: ""Wet"" Land Nature: ""Private"" Land Category: ""Rural""",2,2,0,0.0048,3D
54635,35100,S.O. 5781 (E),15/11/2018,68,KHORDHA,Khordha,Pubusahi,394,394 ३९४,0.0008,0.0008 Hectares,Wet,Private,Rural,"Land Type: ""Wet"" Land Nature: ""Private"" Land Category: ""Rural""",1,1,0,0.0008,3D
54635,35100,S.O. 5781 (E),15/11/2018,69,KHORDHA,Khordha,Pubusahi,353,353 ३५३,0.0004,0.0004 Hectares,Wet,Private,Rural,"Land Type: ""Wet"" Land Nature: ""Private"" Land Category: ""Rural""",1,1,0,0.0004,3D
54635,35100,S.O. 5781 (E),15/11/2018,70,KHORDHA,Khordha,Pubusahi,354,354 ३५४,0.0004,0.0004 Hectares,Wet,Private,Rural,"Land Type: ""Wet"" Land Nature: ""Private"" Land Category: ""Rural""",1,1,0,0.0004,3D
54635,35100,S.O. 5781 (E),15/11/2018,71,KHORDHA,Khordha,Pubusahi,397,397 ३९७,0.0032,0.0032 Hectares,Wet,Private,Rural,"Land Type: ""Wet"" Land Nature: ""Private"" Land Category: ""Rural""",2,2,0,0.0064,3D
54635,35100,S.O. 5781 (E),15/11/2018,72,KHORDHA,Khordha,Pubusahi,395,395 ३९५,0.0008,0.0008 Hectares,Wet,Private,Rural,"Land Type: ""Wet"" Land Nature: ""Private"" Land Category: ""Rural""",1,1,0,0.0008,3D
54635,35100,S.O. 5781 (E),15/11/2018,73,KHORDHA,Khordha,Pubusahi,396,396 ३९६,0.002,0.002 Hectares,Wet,Private,Rural,"Land Type: ""Wet"" Land Nature: ""Private"" Land Category: ""Rural""",1,1,0,0.002,3D
54635,35100,S.O. 5781 (E),15/11/2018,74,KHORDHA,Khordha,Pubusahi,398,398 ३९८,0.004,0.004 Hectares,Wet,Private,Rural,"Land Type: ""Wet"" Land Nature: ""Private"" Land Category: ""Rural""",4,4,0,0.008,3D
54635,35100,S.O. 5781 (E),15/11/2018,75,KHORDHA,Khordha,Pubusahi,399,399 ३९९,0.0004,0.0004 Hectares,Wet,Private,Rural,"Land Type: ""Wet"" Land Nature: ""Private"" Land Category: ""Rural""",2,2,0,0.0008,3D
54635,35100,S.O. 5781 (E),15/11/2018,76,KHORDHA,Khordha,Pubusahi,403,403 ४०३,0.0004,0.0004 Hectares,Wet,Private,Rural,"Land Type: ""Wet"" Land Nature: ""Private"" Land Category: ""Rural""",1,1,0,0.0004,3D
54635,35100,S.O. 5781 (E),15/11/2018,77,KHORDHA,Khordha,Pubusahi,404,404 ४०४,0.002,0.002 Hectares,Wet,Private,Rural,"Land Type: ""Wet"" Land Nature: ""Private"" Land Category: ""Rural""",2,2,0,0.004,3D
54635,35100,S.O. 5781 (E),15/11/2018,78,KHORDHA,Khordha,Pubusahi,431,431 ४३१,0.0016,0.0016 Hectares,Wet,Private,Rural,"Land Type: ""Wet"" Land Nature: ""Private"" Land Category: ""Rural""",1,1,0,0.0016,3D
54635,35100,S.O. 5781 (E),15/11/2018,79,KHORDHA,Khordha,Pubusahi,432,432 ४३२,0.0012,0.0012 Hectares,Wet,Private,Rural,"Land Type: ""Wet"" Land Nature: ""Private"" Land Category: ""Rural""",1,1,0,0.0012,3D
54635,35100,S.O. 5781 (E),15/11/2018,80,KHORDHA,Khordha,Pubusahi,433,433 ४३३,0.0032,0.0032 Hectares,Wet,Private,Rural,"Land Type: ""Wet"" Land Nature: ""Private"" Land Category: ""Rural""",1,1,0,0.0032,3D
54635,35100,S.O. 5781 (E),15/11/2018,81,KHORDHA,Khordha,Pubusahi,434,434 ४३४,0.0138,0.0138 Hectares,Wet,Government,Rural,"Land Type: ""Wet"" Land Nature: ""Government"" Land Category: ""Rural""",1,1,0,0.0138,3D
54635,35100,S.O. 5781 (E),15/11/2018,82,KHORDHA,Khordha,Pubusahi,450,450 ४५०,0.0518,0.0518 Hectares,Wet,Government,Rural,"Land Type: ""Wet"" Land Nature: ""Government"" Land Category: ""Rural""",1,1,0,0.0518,3D
54635,35100,S.O. 5781 (E),15/11/2018,83,KHORDHA,Khordha,Pubusahi,451,451 ४५१,0.0036,0.0036 Hectares,Wet,Government,Rural,"Land Type: ""Wet"" Land Nature: ""Government"" Land Category: ""Rural""",1,1,0,0.0036,3D
54635,35100,S.O. 5781 (E),15/11/2018,84,KHORDHA,Khordha,Pubusahi,578,578 ५७८,0.0008,0.0008 Hectares,Wet,Private,Rural,"Land Type: ""Wet"" Land Nature: ""Private"" Land Category: ""Rural""",2,2,0,0.0016,3D
54635,35100,S.O. 5781 (E),15/11/2018,85,KHORDHA,Khordha,Pubusahi,579,579 ५७९,0.0036,0.0036 Hectares,Wet,Private,Rural,"Land Type: ""Wet"" Land Nature: ""Private"" Land Category: ""Rural""",2,2,0,0.0072,3D
54635,35100,S.O. 5781 (E),15/11/2018,86,KHORDHA,Khordha,Pubusahi,595,595 ५९५,0.0024,0.0024 Hectares,Wet,Private,Rural,"Land Type: ""Wet"" Land Nature: ""Private"" Land Category: ""Rural""",2,2,0,0.0048,3D
54635,35100,S.O. 5781 (E),15/11/2018,87,KHORDHA,Khordha,Pubusahi,596,596 ५९६,0.0028,0.0028 Hectares,Wet,Private,Rural,"Land Type: ""Wet"" Land Nature: ""Private"" Land Category: ""Rural""",2,2,0,0.0056,3D
54635,35100,S.O. 5781 (E),15/11/2018,88,KHORDHA,Khordha,Pubusahi,617,617 ६१७,0.0012,0.0012 Hectares,Wet,Private,Rural,"Land Type: ""Wet"" Land Nature: ""Private"" Land Category: ""Rural""",2,2,0,0.0024,3D
54635,35100,S.O. 5781 (E),15/11/2018,89,KHORDHA,Khordha,Pubusahi,618,618 ६१८,0.0012,0.0012 Hectares,Wet,Private,Rural,"Land Type: ""Wet"" Land Nature: ""Private"" Land Category: ""Rural""",1,1,0,0.0012,3D
54635,35100,S.O. 5781 (E),15/11/2018,90,KHORDHA,Khordha,Pubusahi,620,620 ६२०,0.002,0.002 Hectares,Wet,Private,Rural,"Land Type: ""Wet"" Land Nature: ""Private"" Land Category: ""Rural""",1,1,0,0.002,3D
54635,35100,S.O. 5781 (E),15/11/2018,91,KHORDHA,Khordha,Pubusahi,597,597 ५९७,0.0049,0.0049 Hectares,Wet,Private,Rural,"Land Type: ""Wet"" Land Nature: ""Private"" Land Category: ""Rural""",1,1,0,0.0049,3D
54635,35100,S.O. 5781 (E),15/11/2018,92,KHORDHA,Khordha,Pubusahi,621,621 ६२१,0.0024,0.0024 Hectares,Wet,Private,Rural,"Land Type: ""Wet"" Land Nature: ""Private"" Land Category: ""Rural""",1,1,0,0.0024,3D
54635,35100,S.O. 5781 (E),15/11/2018,93,KHORDHA,Khordha,Pubusahi,835,835 / 912 ८३५ / ९१२,0.0024,0.0024 Hectares,Wet,Private,Rural,"Land Type: ""Wet"" Land Nature: ""Private"" Land Category: ""Rural""",1,1,0,0.0024,3D
54635,35100,S.O. 5781 (E),15/11/2018,94,KHORDHA,Khordha,Pubusahi,836,836 ८३६,0.002,0.002 Hectares,Wet,Private,Rural,"Land Type: ""Wet"" Land Nature: ""Private"" Land Category: ""Rural""",1,1,0,0.002,3D
54635,35100,S.O. 5781 (E),15/11/2018,95,KHORDHA,Khordha,Pubusahi,838,838 ८३८,0.0032,0.0032 Hectares,Wet,Private,Rural,"Land Type: ""Wet"" Land Nature: ""Private"" Land Category: ""Rural""",1,1,0,0.0032,3D
54635,35100,S.O. 5781 (E),15/11/2018,96,KHORDHA,Khordha,Pubusahi,842,842 ८४२,0.004,0.004 Hectares,Wet,Private,Rural,"Land Type: ""Wet"" Land Nature: ""Private"" Land Category: ""Rural""",2,2,0,0.008,3D
54635,35100,S.O. 5781 (E),15/11/2018,97,KHORDHA,Khordha,Pubusahi,843,843 ८४३,0.0036,0.0036 Hectares,Wet,Private,Rural,"Land Type: ""Wet"" Land Nature: ""Private"" Land Category: ""Rural""",1,1,0,0.0036,3D
54635,35100,S.O. 5781 (E),15/11/2018,98,KHORDHA,Khordha,Pubusahi,848,848 ८४८,0.0065,0.0065 Hectares,Wet,Private,Rural,"Land Type: ""Wet"" Land Nature: ""Private"" Land Category: ""Rural""",2,2,0,0.0129,3D
54635,35100,S.O. 5781 (E),15/11/2018,99,KHORDHA,Khordha,Pubusahi,851,851 ८५१,0.0024,0.0024 Hectares,Wet,Private,Rural,"Land Type: ""Wet"" Land Nature: ""Private"" Land Category: ""Rural""",2,2,0,0.0048,3D
54635,35100,S.O. 5781 (E),15/11/2018,100,KHORDHA,Khordha,Pubusahi,852,852 ८५२,0.0061,0.0061 Hectares,Wet,Private,Rural,"Land Type: ""Wet"" Land Nature: ""Private"" Land Category: ""Rural""",2,2,0,0.0122,3D
54635,35100,S.O. 5781 (E),15/11/2018,101,KHORDHA,Khordha,Pubusahi,855,855 ८५५,0.0045,0.0045 Hectares,Wet,Private,Rural,"Land Type: ""Wet"" Land Nature: ""Private"" Land Category: ""Rural""",2,2,0,0.009,3D
54635,35100,S.O. 5781 (E),15/11/2018,102,KHORDHA,Khordha,Pubusahi,856,856 ८५६,0.0065,0.0065 Hectares,Wet,Private,Rural,"Land Type: ""Wet"" Land Nature: ""Private"" Land Category: ""Rural""",2,2,0,0.013,3D
54635,35100,S.O. 5781 (E),15/11/2018,103,KHORDHA,Khordha,Pubusahi,857,857 ८५७,0.0045,0.0045 Hectares,Wet,Private,Rural,"Land Type: ""Wet"" Land Nature: ""Private"" Land Category: ""Rural""",1,1,0,0.0045,3D
54635,35100,S.O. 5781 (E),15/11/2018,104,KHORDHA,Khordha,Pubusahi,860,860 ८६०,0.0028,0.0028 Hectares,Wet,Private,Rural,"Land Type: ""Wet"" Land Nature: ""Private"" Land Category: ""Rural""",1,1,0,0.0028,3D
54635,35100,S.O. 5781 (E),15/11/2018,105,KHORDHA,Begunia,Lokanathpur,251,251 २५१,0.1072,0.1072 Hectares,Wet,Government,Rural,"Land Type: ""Wet"" Land Nature: ""Government"" Land Category: ""Rural""",1,1,0,0.1072,3D
54635,35100,S.O. 5781 (E),15/11/2018,106,KHORDHA,Begunia,Lokanathpur,250,250 २५०,0.0012,0.0012 Hectares,Wet,Private,Rural,"Land Type: ""Wet"" Land Nature: ""Private"" Land Category: ""Rural""",1,1,0,0.0012,3D
54635,35100,S.O. 5781 (E),15/11/2018,107,KHORDHA,Begunia,Lokanathpur,250,250 / 1401 २५० / १४०१,0.0089,0.0089 Hectares,Wet,Private,Rural,"Land Type: ""Wet"" Land Nature: ""Private"" Land Category: ""Rural""",2,2,0,0.0178,3D
54635,35100,S.O. 5781 (E),15/11/2018,108,KHORDHA,Begunia,Lokanathpur,250,250 / 1402 २५० / १४०२,0.0113,0.0113 Hectares,Wet,Private,Rural,"Land Type: ""Wet"" Land Nature: ""Private"" Land Category: ""Rural""",2,2,0,0.0226,3D
54635,35100,S.O. 5781 (E),15/11/2018,109,KHORDHA,Begunia,Lokanathpur,248,248 २४८,0.1153,0.1153 Hectares,Wet,Private,Rural,"Land Type: ""Wet"" Land Nature: ""Private"" Land Category: ""Rural""",1,1,0,0.1153,3D
54635,35100,S.O. 5781 (E),15/11/2018,110,KHORDHA,Begunia,Lokanathpur,245,245 २४५,0.174,0.174 Hectares,Wet,Private,Rural,"Land Type: ""Wet"" Land Nature: ""Private"" Land Category: ""Rural""",2,2,0,0.348,3D
54635,35100,S.O. 5781 (E),15/11/2018,111,KHORDHA,Begunia,Lokanathpur,247,247 २४७,0.1538,0.1538 Hectares,Wet,Private,Rural,"Land Type: ""Wet"" Land Nature: ""Private"" Land Category: ""Rural""",1,1,0,0.1538,3D
54635,35100,S.O. 5781 (E),15/11/2018,112,KHORDHA,Begunia,Lokanathpur,246,246 २४६,0.0405,0.0405 Hectares,Wet,Private,Rural,"Land Type: ""Wet"" Land Nature: ""Private"" Land Category: ""Rural""",1,1,0,0.0405,3D
54635,35100,S.O. 5781 (E),15/11/2018,113,KHORDHA,Begunia,Lokanathpur,245,245 / 1480 २४५ / १४८०,0.1012,0.1012 Hectares,Wet,Private,Rural,"Land Type: ""Wet"" Land Nature: ""Private"" Land Category: ""Rural""",2,2,0,0.2024,3D
54635,35100,S.O. 5781 (E),15/11/2018,114,KHORDHA,Begunia,Lokanathpur,244,244 २४४,0.3157,0.3157 Hectares,Wet,Private,Rural,"Land Type: ""Wet"" Land Nature: ""Private"" Land Category: ""Rural""",4,4,0,0.6313862,3D
54635,35100,S.O. 5781 (E),15/11/2018,115,KHORDHA,Begunia,Lokanathpur,239,239 २३९,0.3493,0.3493 Hectares,Wet,Private,Rural,"Land Type: ""Wet"" Land Nature: ""Private"" Land Category: ""Rural""",1,1,0,0.3493,3D
54635,35100,S.O. 5781 (E),15/11/2018,116,KHORDHA,Begunia,Lokanathpur,240,240 २४०,0.0453,0.0453 Hectares,Wet,Private,Rural,"Land Type: ""Wet"" Land Nature: ""Private"" Land Category: ""Rural""",1,1,0,0.0453,3D
54635,35100,S.O. 5781 (E),15/11/2018,117,KHORDHA,Begunia,Lokanathpur,238,238 २३८,0.0648,0.0648 Hectares,Wet,Private,Rural,"Land Type: ""Wet"" Land Nature: ""Private"" Land Category: ""Rural""",2,2,0,0.1296,3D
54635,35100,S.O. 5781 (E),15/11/2018,118,KHORDHA,Begunia,Lokanathpur,241,241 २४१,0.0121,0.0121 Hectares,Wet,Private,Rural,"Land Type: ""Wet"" Land Nature: ""Private"" Land Category: ""Rural""",1,1,0,0.0121,3D
54635,35100,S.O. 5781 (E),15/11/2018,119,KHORDHA,Begunia,Lokanathpur,237,237 २३७,0.2711,0.2711 Hectares,Wet,Private,Rural,"Land Type: ""Wet"" Land Nature: ""Private"" Land Category: ""Rural""",4,4,0,0.5421563,3D
54635,35100,S.O. 5781 (E),15/11/2018,120,KHORDHA,Begunia,Lokanathpur,237,237 / 1337 २३७ / १३३७,0.0012,0.0012 Hectares,Wet,Private,Rural,"Land Type: ""Wet"" Land Nature: ""Private"" Land Category: ""Rural""",1,1,0,0.0012,3D
54635,35100,S.O. 5781 (E),15/11/2018,121,KHORDHA,Begunia,Lokanathpur,237,237 / 1433 २३७ / १४३३,0.0356,0.0356 Hectares,Wet,Private,Rural,"Land Type: ""Wet"" Land Nature: ""Private"" Land Category: ""Rural""",2,2,0,0.0712,3D
54635,35100,S.O. 5781 (E),15/11/2018,122,KHORDHA,Begunia,Lokanathpur,234,234 २३४,0.4654,0.4654 Hectares,Wet,Private,Rural,"Land Type: ""Wet"" Land Nature: ""Private"" Land Category: ""Rural""",24,24,0,0.9308000000000002,3D
54635,35100,S.O. 5781 (E),15/11/2018,123,KHORDHA,Begunia,Lokanathpur,236,236 २३६,0.0101,0.0101 Hectares,Wet,Private,Rural,"Land Type: ""Wet"" Land Nature: ""Private"" Land Category: ""Rural""",2,2,0,0.0202,3D
54635,35100,S.O. 5781 (E),15/11/2018,124,KHORDHA,Begunia,Lokanathpur,235,235 २३५,0.0231,0.0231 Hectares,Wet,Private,Rural,"Land Type: ""Wet"" Land Nature: ""Private"" Land Category: ""Rural""",2,2,0,0.0461676,3D
54635,35100,S.O. 5781 (E),15/11/2018,125,KHORDHA,Begunia,Lokanathpur,233,233 २३३,0.0032,0.0032 Hectares,Wet,Government,Rural,"Land Type: ""Wet"" Land Nature: ""Government"" Land Category: ""Rural""",1,1,0,0.0032,3D
54635,35100,S.O. 5781 (E),15/11/2018,126,KHORDHA,Begunia,Lokanathpur,232,232 २३२,0.1392,0.1392 Hectares,Wet,Private,Rural,"Land Type: ""Wet"" Land Nature: ""Private"" Land Category: ""Rural""",2,2,0,0.2784,3D
54635,35100,S.O. 5781 (E),15/11/2018,127,KHORDHA,Begunia,Lokanathpur,226,226 २२६,0.0004,0.0004 Hectares,Wet,Private,Rural,"Land Type: ""Wet"" Land Nature: ""Private"" Land Category: ""Rural""",1,1,0,0.0004,3D
54635,35100,S.O. 5781 (E),15/11/2018,128,KHORDHA,Begunia,Lokanathpur,225,225 २२५,0.0121,0.0121 Hectares,Wet,Private,Rural,"Land Type: ""Wet"" Land Nature: ""Private"" Land Category: ""Rural""",1,1,0,0.0121,3D
54635,35100,S.O. 5781 (E),15/11/2018,129,KHORDHA,Begunia,Lokanathpur,252,252 २५२,0.0181,0.0181 Hectares,Wet,Government,Rural,"Land Type: ""Wet"" Land Nature: ""Government"" Land Category: ""Rural""",1,1,0,0.0081,3D
54635,35100,S.O. 5781 (E),15/11/2018,130,KHORDHA,Begunia,Lokanathpur,224,224 २२४,0.0142,0.0142 Hectares,Wet,Private,Rural,"Land Type: ""Wet"" Land Nature: ""Private"" Land Category: ""Rural""",1,1,0,0.0142,3D
54635,35100,S.O. 5781 (E),15/11/2018,131,KHORDHA,Begunia,Lokanathpur,227,227 २२७,0.0384,0.0384 Hectares,Wet,Private,Rural,"Land Type: ""Wet"" Land Nature: ""Private"" Land Category: ""Rural""",1,1,0,0.0384,3D
54635,35100,S.O. 5781 (E),15/11/2018,132,KHORDHA,Begunia,Lokanathpur,228,228 २२८,0.0223,0.0223 Hectares,Wet,Government,Rural,"Land Type: ""Wet"" Land Nature: ""Government"" Land Category: ""Rural""",1,1,0,0.0223,3D
54635,35100,S.O. 5781 (E),15/11/2018,133,KHORDHA,Begunia,Lokanathpur,199,199 / 1580 १९९ / १५८०,0.0146,0.0146 Hectares,Wet,Private,Rural,"Land Type: ""Wet"" Land Nature: ""Private"" Land Category: ""Rural""",1,1,0,0.0146,3D
54635,35100,S.O. 5781 (E),15/11/2018,134,KHORDHA,Begunia,Lokanathpur,253,253 २५३,0.0142,0.0142 Hectares,Wet,Private,Rural,"Land Type: ""Wet"" Land Nature: ""Private"" Land Category: ""Rural""",2,2,0,0.0284,3D
54635,35100,S.O. 5781 (E),15/11/2018,135,KHORDHA,Begunia,Lokanathpur,272,272 २७२,0.0514,0.0514 Hectares,Wet,Private,Rural,"Land Type: ""Wet"" Land Nature: ""Private"" Land Category: ""Rural""",1,1,0,0.0514,3D
54635,35100,S.O. 5781 (E),15/11/2018,136,KHORDHA,Begunia,Baghamari,553,553 ५५३,0.2266,0.2266 Hectares,Wet,Private,Rural,"Land Type: ""Wet"" Land Nature: ""Private"" Land Category: ""Rural""",4,3,1,0.2994,3D
54635,35100,S.O. 5781 (E),15/11/2018,137,KHORDHA,Begunia,Baghamari,473,473 ४७३,0.2287,0.2287 Hectares,Wet,Private,Rural,"Land Type: ""Wet"" Land Nature: ""Private"" Land Category: ""Rural""",5,5,0,0.4067868,3D
54635,35100,S.O. 5781 (E),15/11/2018,138,KHORDHA,Begunia,Baghamari,474,474 ४७४,0.0081,0.0081 Hectares,Wet,Government,Rural,"Land Type: ""Wet"" Land Nature: ""Government"" Land Category: ""Rural""",1,1,0,0.0081,3D
54635,35100,S.O. 5781 (E),15/11/2018,139,KHORDHA,Begunia,Baghamari,475,475 ४७५,0.1821,0.1821 Hectares,Wet,Private,Rural,"Land Type: ""Wet"" Land Nature: ""Private"" Land Category: ""Rural""",2,2,0,0.2679,3D
54635,35100,S.O. 5781 (E),15/11/2018,140,KHORDHA,Begunia,Baghamari,549,549 ५४९,0.1416,0.1416 Hectares,Wet,Private,Rural,"Land Type: ""Wet"" Land Nature: ""Private"" Land Category: ""Rural""",1,1,0,0.1416,3D
54635,35100,S.O. 5781 (E),15/11/2018,141,KHORDHA,Begunia,Baghamari,551,551 ५५१,0.0931,0.0931 Hectares,Wet,Private,Rural,"Land Type: ""Wet"" Land Nature: ""Private"" Land Category: ""Rural""",4,4,0,0.1862,3D
54635,35100,S.O. 5781 (E),15/11/2018,142,KHORDHA,Begunia,Baghamari,550,550 ५५०,0.0587,0.0587 Hectares,Wet,Private,Rural,"Land Type: ""Wet"" Land Nature: ""Private"" Land Category: ""Rural""",2,2,0,0.1174,3D
54635,35100,S.O. 5781 (E),15/11/2018,143,KHORDHA,Begunia,Baghamari,552,552 ५५२,0.0121,0.0121 Hectares,Wet,Private,Rural,"Land Type: ""Wet"" Land Nature: ""Private"" Land Category: ""Rural""",2,2,0,0.0242,3D
54635,35100,S.O. 5781 (E),15/11/2018,144,KHORDHA,Begunia,Baghamari,325,325 ३२५,0.0567,0.0567 Hectares,Wet,Private,Rural,"Land Type: ""Wet"" Land Nature: ""Private"" Land Category: ""Rural""",4,4,0,0.1133,3D
54635,35100,S.O. 5781 (E),15/11/2018,145,KHORDHA,Begunia,Baghamari,320,320 ३२०,0.0728,0.0728 Hectares,Wet,Private,Rural,"Land Type: ""Wet"" Land Nature: ""Private"" Land Category: ""Rural""",3,3,0,0.1456,3D
54635,35100,S.O. 5781 (E),15/11/2018,146,KHORDHA,Begunia,Baghamari,319,319 ३१९,0.0405,0.0405 Hectares,Wet,Private,Rural,"Land Type: ""Wet"" Land Nature: ""Private"" Land Category: ""Rural""",2,2,0,0.081,3D
54635,35100,S.O. 5781 (E),15/11/2018,147,KHORDHA,Begunia,Baghamari,314,314 ३१४,0.0121,0.0121 Hectares,Wet,Private,Rural,"Land Type: ""Wet"" Land Nature: ""Private"" Land Category: ""Rural""",3,3,0,0.0242,3D
54635,35100,S.O. 5781 (E),15/11/2018,148,KHORDHA,Begunia,Baghamari,313,313 ३१३,0.0405,0.0405 Hectares,Wet,Private,Rural,"Land Type: ""Wet"" Land Nature: ""Private"" Land Category: ""Rural""",6,6,0,0.0798,3D
54635,35100,S.O. 5781 (E),15/11/2018,149,KHORDHA,Begunia,Baghamari,476,476 ४७६,0.0081,0.0081 Hectares,Wet,Private,Rural,"Land Type: ""Wet"" Land Nature: ""Private"" Land Category: ""Rural""",1,1,0,0.0081,3D
54635,35100,S.O. 5781 (E),15/11/2018,150,KHORDHA,Begunia,Baghamari,477,477 ४७७,0.004,0.004 Hectares,Wet,Private,Rural,"Land Type: ""Wet"" Land Nature: ""Private"" Land Category: ""Rural""",2,2,0,0.008,3D
54635,35100,S.O. 5781 (E),15/11/2018,151,KHORDHA,Begunia,Baghamari,554,554 ५५४,0.1052,0.1052 Hectares,Wet,Private,Rural,"Land Type: ""Wet"" Land Nature: ""Private"" Land Category: ""Rural""",1,1,0,0.1052,3D
54635,35100,S.O. 5781 (E),15/11/2018,152,KHORDHA,Begunia,Baghamari,555,555 / 3020 ५५५ / ३०२०,0.0162,0.0162 Hectares,Wet,Private,Rural,"Land Type: ""Wet"" Land Nature: ""Private"" Land Category: ""Rural""",1,1,0,0.0162,3D
54635,35100,S.O. 5781 (E),15/11/2018,153,KHORDHA,Begunia,Baghamari,555,555 ५५५,0.2711,0.2711 Hectares,Wet,Private,Rural,"Land Type: ""Wet"" Land Nature: ""Private"" Land Category: ""Rural""",1,1,0,0.2711,3D
54635,35100,S.O. 5781 (E),15/11/2018,154,KHORDHA,Begunia,Baghamari,556,556 ५५६,0.002,0.002 Hectares,Wet,Private,Rural,"Land Type: ""Wet"" Land Nature: ""Private"" Land Category: ""Rural""",1,1,0,0.002,3D
54635,35100,S.O. 5781 (E),15/11/2018,155,KHORDHA,Begunia,Baghamari,561,561 ५६१,0.2104,0.2104 Hectares,Wet,Private,Rural,"Land Type: ""Wet"" Land Nature: ""Private"" Land Category: ""Rural""",2,2,0,0.4208,3D
54635,35100,S.O. 5781 (E),15/11/2018,156,KHORDHA,Begunia,Baghamari,563,563 ५६३,0.1538,0.1538 Hectares,Wet,Private,Rural,"Land Type: ""Wet"" Land Nature: ""Private"" Land Category: ""Rural""",1,1,0,0.1538,3D
54635,35100,S.O. 5781 (E),15/11/2018,157,KHORDHA,Begunia,Baghamari,566,566 ५६६,0.089,0.089 Hectares,Wet,Private,Rural,"Land Type: ""Wet"" Land Nature: ""Private"" Land Category: ""Rural""",3,3,0,0.178,3D
54635,35100,S.O. 5781 (E),15/11/2018,158,KHORDHA,Begunia,Baghamari,564,564 ५६४,0.004,0.004 Hectares,Wet,Private,Rural,"Land Type: ""Wet"" Land Nature: ""Private"" Land Category: ""Rural""",2,2,0,0.008,3D
54635,35100,S.O. 5781 (E),15/11/2018,159,KHORDHA,Begunia,Baghamari,565,565 ५६५,0.004,0.004 Hectares,Wet,Private,Rural,"Land Type: ""Wet"" Land Nature: ""Private"" Land Category: ""Rural""",1,1,0,0.004,3D
54635,35100,S.O. 5781 (E),15/11/2018,160,KHORDHA,Begunia,Baghamari,635,635 / 3160 ६३५ / ३१६०,0.002,0.002 Hectares,Wet,Private,Rural,"Land Type: ""Wet"" Land Nature: ""Private"" Land Category: ""Rural""",2,2,0,0.004,3D
54635,35100,S.O. 5781 (E),15/11/2018,161,KHORDHA,Begunia,Baghamari,635,635 ६३५,0.002,0.002 Hectares,Wet,Private,Rural,"Land Type: ""Wet"" Land Nature: ""Private"" Land Category: ""Rural""",1,1,0,0.002,3D
54635,35100,S.O. 5781 (E),15/11/2018,162,KHORDHA,Begunia,Baghamari,582,582 ५८२,0.089,0.089 Hectares,Wet,Private,Rural,"Land Type: ""Wet"" Land Nature: ""Private"" Land Category: ""Rural""",3,3,0,0.178,3D
54635,35100,S.O. 5781 (E),15/11/2018,163,KHORDHA,Begunia,Baghamari,584,584 ५८४,0.0567,0.0567 Hectares,Wet,Private,Rural,"Land Type: ""Wet"" Land Nature: ""Private"" Land Category: ""Rural""",4,4,0,0.1134,3D
54635,35100,S.O. 5781 (E),15/11/2018,164,KHORDHA,Begunia,Baghamari,583,583 ५८३,0.0243,0.0243 Hectares,Wet,Private,Rural,"Land Type: ""Wet"" Land Nature: ""Private"" Land Category: ""Rural""",2,2,0,0.0486,3D
54635,35100,S.O. 5781 (E),15/11/2018,165,KHORDHA,Begunia,Baghamari,587,587 ५८७,0.004,0.004 Hectares,Wet,Private,Rural,"Land Type: ""Wet"" Land Nature: ""Private"" Land Category: ""Rural""",2,2,0,0.008,3D
54635,35100,S.O. 5781 (E),15/11/2018,166,KHORDHA,Begunia,Baghamari,588,588 ५८८,0.1518,0.1518 Hectares,Wet,Private,Rural,"Land Type: ""Wet"" Land Nature: ""Private"" Land Category: ""Rural""",2,2,0,0.3036,3D
54635,35100,S.O. 5781 (E),15/11/2018,167,KHORDHA,Begunia,Baghamari,590,590 ५९०,0.0324,0.0324 Hectares,Wet,Private,Rural,"Land Type: ""Wet"" Land Nature: ""Private"" Land Category: ""Rural""",2,2,0,0.0648,3D
54635,35100,S.O. 5781 (E),15/11/2018,168,KHORDHA,Begunia,Baghamari,591,591 ५९१,0.0405,0.0405 Hectares,Wet,Private,Rural,"Land Type: ""Wet"" Land Nature: ""Private"" Land Category: ""Rural""",2,2,0,0.081,3D
54635,35100,S.O. 5781 (E),15/11/2018,169,KHORDHA,Begunia,Baghamari,592,592 ५९२,0.0162,0.0162 Hectares,Wet,Private,Rural,"Land Type: ""Wet"" Land Nature: ""Private"" Land Category: ""Rural""",1,1,0,0.0162,3D
54635,35100,S.O. 5781 (E),15/11/2018,170,KHORDHA,Begunia,Baghamari,595,595 ५९५,0.1052,0.1052 Hectares,Wet,Private,Rural,"Land Type: ""Wet"" Land Nature: ""Private"" Land Category: ""Rural""",2,2,0,0.2104,3D
54635,35100,S.O. 5781 (E),15/11/2018,171,KHORDHA,Begunia,Baghamari,598,598 ५९८,0.0283,0.0283 Hectares,Wet,Private,Rural,"Land Type: ""Wet"" Land Nature: ""Private"" Land Category: ""Rural""",1,1,0,0.0283,3D
54635,35100,S.O. 5781 (E),15/11/2018,172,KHORDHA,Begunia,Baghamari,599,599 ५९९,0.0344,0.0344 Hectares,Wet,Private,Rural,"Land Type: ""Wet"" Land Nature: ""Private"" Land Category: ""Rural""",2,2,0,0.0688,3D
54635,35100,S.O. 5781 (E),15/11/2018,173,KHORDHA,Begunia,Baghamari,600,600 ६००,0.0364,0.0364 Hectares,Wet,Private,Rural,"Land Type: ""Wet"" Land Nature: ""Private"" Land Category: ""Rural""",3,3,0,0.0728,3D
54635,35100,S.O. 5781 (E),15/11/2018,174,KHORDHA,Begunia,Baghamari,604,604 ६०४,0.0081,0.0081 Hectares,Wet,Private,Rural,"Land Type: ""Wet"" Land Nature: ""Private"" Land Category: ""Rural""",1,1,0,0.0081,3D
54635,35100,S.O. 5781 (E),15/11/2018,175,KHORDHA,Begunia,Baghamari,605,605 ६०५,0.1052,0.1052 Hectares,Wet,Private,Rural,"Land Type: ""Wet"" Land Nature: ""Private"" Land Category: ""Rural""",1,1,0,0.1052,3D
54635,35100,S.O. 5781 (E),15/11/2018,176,KHORDHA,Begunia,Baghamari,608,608 ६०८,0.0486,0.0486 Hectares,Wet,Private,Rural,"Land Type: ""Wet"" Land Nature: ""Private"" Land Category: ""Rural""",1,1,0,0.0486,3D
54635,35100,S.O. 5781 (E),15/11/2018,177,KHORDHA,Begunia,Baghamari,609,609 ६०९,0.0384,0.0384 Hectares,Wet,Private,Rural,"Land Type: ""Wet"" Land Nature: ""Private"" Land Category: ""Rural""",2,2,0,0.0768,3D
54635,35100,S.O. 5781 (E),15/11/2018,178,KHORDHA,Begunia,Baghamari,610,610 ६१०,0.0162,0.0162 Hectares,Wet,Private,Rural,"Land Type: ""Wet"" Land Nature: ""Private"" Land Category: ""Rural""",2,2,0,0.0324,3D
54635,35100,S.O. 5781 (E),15/11/2018,179,KHORDHA,Begunia,Baghamari,613,613 ६१३,0.0486,0.0486 Hectares,Wet,Private,Rural,"Land Type: ""Wet"" Land Nature: ""Private"" Land Category: ""Rural""",4,4,0,0.0972,3D
54635,35100,S.O. 5781 (E),15/11/2018,180,KHORDHA,Begunia,Baghamari,614,614 ६१४,0.1012,0.1012 Hectares,Wet,Private,Rural,"Land Type: ""Wet"" Land Nature: ""Private"" Land Category: ""Rural""",3,3,0,0.1991,3D
54635,35100,S.O. 5781 (E),15/11/2018,181,KHORDHA,Begunia,Baghamari,747,747 ७४७,0.0486,0.0486 Hectares,Wet,Private,Rural,"Land Type: ""Wet"" Land Nature: ""Private"" Land Category: ""Rural""",2,2,0,0.0972,3D
54635,35100,S.O. 5781 (E),15/11/2018,182,KHORDHA,Begunia,Baghamari,743,743 ७४३,0.0648,0.0648 Hectares,Wet,Private,Rural,"Land Type: ""Wet"" Land Nature: ""Private"" Land Category: ""Rural""",1,1,0,0.0648,3D
54635,35100,S.O. 5781 (E),15/11/2018,183,KHORDHA,Begunia,Baghamari,742,742 ७४२,0.0486,0.0486 Hectares,Wet,Private,Rural,"Land Type: ""Wet"" Land Nature: ""Private"" Land Category: ""Rural""",1,1,0,0.0486,3D
54635,35100,S.O. 5781 (E),15/11/2018,184,KHORDHA,Begunia,Baghamari,745,745 ७४५,0.004,0.004 Hectares,Wet,Private,Rural,"Land Type: ""Wet"" Land Nature: ""Private"" Land Category: ""Rural""",1,1,0,0.004,3D
54635,35100,S.O. 5781 (E),15/11/2018,185,KHORDHA,Begunia,Baghamari,746,746 ७४६,0.0445,0.0445 Hectares,Wet,Private,Rural,"Land Type: ""Wet"" Land Nature: ""Private"" Land Category: ""Rural""",1,1,0,0.0445,3D
54635,35100,S.O. 5781 (E),15/11/2018,186,KHORDHA,Begunia,Baghamari,744,744 ७४४,0.4304,0.4304 Hectares,Wet,Private,Rural,"Land Type: ""Wet"" Land Nature: ""Private"" Land Category: ""Rural""",2,2,0,0.0608,3D
54635,35100,S.O. 5781 (E),15/11/2018,187,KHORDHA,Begunia,Baghamari,741,741 ७४१,0.0931,0.0931 Hectares,Wet,Private,Rural,"Land Type: ""Wet"" Land Nature: ""Private"" Land Category: ""Rural""",1,1,0,0.0931,3D
54635,35100,S.O. 5781 (E),15/11/2018,188,KHORDHA,Begunia,Baghamari,748,748 ७४८,0.0405,0.0405 Hectares,Wet,Private,Rural,"Land Type: ""Wet"" Land Nature: ""Private"" Land Category: ""Rural""",1,1,0,0.0405,3D
54635,35100,S.O. 5781 (E),15/11/2018,189,KHORDHA,Begunia,Baghamari,729,729 ७२९,0.0728,0.0728 Hectares,Wet,Private,Rural,"Land Type: ""Wet"" Land Nature: ""Private"" Land Category: ""Rural""",2,2,0,0.1456,3D
54635,35100,S.O. 5781 (E),15/11/2018,190,KHORDHA,Begunia,Baghamari,728,728 ७२८,0.0931,0.0931 Hectares,Wet,Private,Rural,"Land Type: ""Wet"" Land Nature: ""Private"" Land Category: ""Rural""",1,1,0,0.0931,3D
54635,35100,S.O. 5781 (E),15/11/2018,191,KHORDHA,Begunia,Baghamari,730,730 ७३०,0.0162,0.0162 Hectares,Wet,Private,Rural,"Land Type: ""Wet"" Land Nature: ""Private"" Land Category: ""Rural""",1,1,0,0.0162,3D
54635,35100,S.O. 5781 (E),15/11/2018,192,KHORDHA,Begunia,Baghamari,715,715 ७१५,0.603,0.603 Hectares,Wet,Private,Rural,"Land Type: ""Wet"" Land Nature: ""Private"" Land Category: ""Rural""",1,1,0,0.603,3D
54635,35100,S.O. 5781 (E),15/11/2018,193,KHORDHA,Begunia,Baghamari,716,716 ७१६,0.0081,0.0081 Hectares,Wet,Private,Rural,"Land Type: ""Wet"" Land Nature: ""Private"" Land Category: ""Rural""",2,2,0,0.0162,3D
54635,35100,S.O. 5781 (E),15/11/2018,194,KHORDHA,Begunia,Baghamari,1395,1395 १३९५,0.0445,0.0445 Hectares,Wet,Private,Rural,"Land Type: ""Wet"" Land Nature: ""Private"" Land Category: ""Rural""",1,1,0,0.0445,3D
54635,35100,S.O. 5781 (E),15/11/2018,195,KHORDHA,Begunia,Baghamari,1393,1393 १३९३,0.0546,0.0546 Hectares,Wet,Private,Rural,"Land Type: ""Wet"" Land Nature: ""Private"" Land Category: ""Rural""",1,1,0,0.0546,3D
54635,35100,S.O. 5781 (E),15/11/2018,196,KHORDHA,Begunia,Baghamari,1394,1394 १३९४,0.0405,0.0405 Hectares,Wet,Private,Rural,"Land Type: ""Wet"" Land Nature: ""Private"" Land Category: ""Rural""",1,1,0,0.0405,3D
54635,35100,S.O. 5781 (E),15/11/2018,197,KHORDHA,Begunia,Baghamari,1392,1392 १३९२,0.0405,0.0405 Hectares,Wet,Private,Rural,"Land Type: ""Wet"" Land Nature: ""Private"" Land Category: ""Rural""",1,1,0,0.0405,3D
54635,35100,S.O. 5781 (E),15/11/2018,198,KHORDHA,Begunia,Baghamari,1391,1391 १३९१,0.0405,0.0405 Hectares,Wet,Private,Rural,"Land Type: ""Wet"" Land Nature: ""Private"" Land Category: ""Rural""",1,1,0,0.0405,3D
54635,35100,S.O. 5781 (E),15/11/2018,199,KHORDHA,Begunia,Baghamari,1396,1396 १३९६,0.0486,0.0486 Hectares,Wet,Private,Rural,"Land Type: ""Wet"" Land Nature: ""Private"" Land Category: ""Rural""",1,1,0,0.0486,3D
54635,35100,S.O. 5781 (E),15/11/2018,200,KHORDHA,Begunia,Baghamari,1397,1397 १३९७,0.1032,0.1032 Hectares,Wet,Private,Rural,"Land Type: ""Wet"" Land Nature: ""Private"" Land Category: ""Rural""",1,1,0,0.1032,3D
54635,35100,S.O. 5781 (E),15/11/2018,201,KHORDHA,Begunia,Baghamari,1398,1398 १३९८,0.0809,0.0809 Hectares,Wet,Private,Rural,"Land Type: ""Wet"" Land Nature: ""Private"" Land Category: ""Rural""",2,2,0,0.1618,3D
54635,35100,S.O. 5781 (E),15/11/2018,202,KHORDHA,Begunia,Baghamari,1399,1399 १३९९,0.0728,0.0728 Hectares,Wet,Private,Rural,"Land Type: ""Wet"" Land Nature: ""Private"" Land Category: ""Rural""",1,1,0,0.0728,3D
54635,35100,S.O. 5781 (E),15/11/2018,203,KHORDHA,Begunia,Baghamari,1400,1400 १४००,0.0445,0.0445 Hectares,Wet,Private,Rural,"Land Type: ""Wet"" Land Nature: ""Private"" Land Category: ""Rural""",2,2,0,0.089,3D
54635,35100,S.O. 5781 (E),15/11/2018,204,KHORDHA,Begunia,Baghamari,1401,1401 १४०१,0.0405,0.0405 Hectares,Wet,Private,Rural,"Land Type: ""Wet"" Land Nature: ""Private"" Land Category: ""Rural""",2,2,0,0.081,3D
54635,35100,S.O. 5781 (E),15/11/2018,205,KHORDHA,Begunia,Baghamari,1402,1402 १४०२,0.1012,0.1012 Hectares,Wet,Private,Rural,"Land Type: ""Wet"" Land Nature: ""Private"" Land Category: ""Rural""",2,2,0,0.2024,3D
54635,35100,S.O. 5781 (E),15/11/2018,206,KHORDHA,Begunia,Baghamari,1402,1402 / 3045 १४०२ / ३०४५,0.002,0.002 Hectares,Wet,Government,Rural,"Land Type: ""Wet"" Land Nature: ""Government"" Land Category: ""Rural""",1,1,0,0.002,3D
54635,35100,S.O. 5781 (E),15/11/2018,207,KHORDHA,Begunia,Baghamari,1403,1403 १४०३,0.1052,0.1052 Hectares,Wet,Private,Rural,"Land Type: ""Wet"" Land Nature: ""Private"" Land Category: ""Rural""",4,4,0,0.2104,3D
54635,35100,S.O. 5781 (E),15/11/2018,208,KHORDHA,Begunia,Baghamari,1424,1424 १४२४,0.0405,0.0405 Hectares,Wet,Government,Rural,"Land Type: ""Wet"" Land Nature: ""Government"" Land Category: ""Rural""",1,1,0,0.0405,3D
54635,35100,S.O. 5781 (E),15/11/2018,209,KHORDHA,Begunia,Baghamari,714,714 ७१४,0.0004,0.0004 Hectares,Wet,Government,Rural,"Land Type: ""Wet"" Land Nature: ""Government"" Land Category: ""Rural""",1,1,0,0.0004,3D
54635,35100,S.O. 5781 (E),15/11/2018,210,KHORDHA,Begunia,Baghamari,1151,1151 ११५१,0.0283,0.0283 Hectares,Wet,Private,Rural,"Land Type: ""Wet"" Land Nature: ""Private"" Land Category: ""Rural""",2,2,0,0.0566,3D
54635,35100,S.O. 5781 (E),15/11/2018,211,KHORDHA,Begunia,Baghamari,1407,1407 १४०७,0.0445,0.0445 Hectares,Wet,Private,Rural,"Land Type: ""Wet"" Land Nature: ""Private"" Land Category: ""Rural""",2,2,0,0.089,3D
54635,35100,S.O. 5781 (E),15/11/2018,212,KHORDHA,Begunia,Baghamari,1408,1408 १४०८,0.004,0.004 Hectares,Wet,Government,Rural,"Land Type: ""Wet"" Land Nature: ""Government"" Land Category: ""Rural""",1,1,0,0.004,3D
54635,35100,S.O. 5781 (E),15/11/2018,213,KHORDHA,Begunia,Baghamari,1409,1409 १४०९,0.085,0.085 Hectares,Wet,Private,Rural,"Land Type: ""Wet"" Land Nature: ""Private"" Land Category: ""Rural""",1,1,0,0.085,3D
54635,35100,S.O. 5781 (E),15/11/2018,214,KHORDHA,Begunia,Baghamari,1150,1150 ११५०,0.0486,0.0486 Hectares,Wet,Private,Rural,"Land Type: ""Wet"" Land Nature: ""Private"" Land Category: ""Rural""",2,2,0,0.0972,3D
54635,35100,S.O. 5781 (E),15/11/2018,215,KHORDHA,Begunia,Baghamari,1404,1404 १४०४,0.0202,0.0202 Hectares,Wet,Private,Rural,"Land Type: ""Wet"" Land Nature: ""Private"" Land Category: ""Rural""",2,2,0,0.0404,3D
54635,35100,S.O. 5781 (E),15/11/2018,216,KHORDHA,Begunia,Baghamari,1405,1405 १४०५,0.0081,0.0081 Hectares,Wet,Private,Rural,"Land Type: ""Wet"" Land Nature: ""Private"" Land Category: ""Rural""",2,2,0,0.0162,3D
54635,35100,S.O. 5781 (E),15/11/2018,217,KHORDHA,Begunia,Baghamari,2583,2583 २५८३,0.0486,0.0486 Hectares,Wet,Private,Rural,"Land Type: ""Wet"" Land Nature: ""Private"" Land Category: ""Rural""",1,1,0,0.0486,3D
54635,35100,S.O. 5781 (E),15/11/2018,218,KHORDHA,Begunia,Baghamari,2582,2582 २५८२,0.1234,0.1234 Hectares,Wet,Private,Rural,"Land Type: ""Wet"" Land Nature: ""Private"" Land Category: ""Rural""",1,1,0,0.1234,3D
54635,35100,S.O. 5781 (E),15/11/2018,219,KHORDHA,Begunia,Baghamari,2580,2580 २५८०,0.0607,0.0607 Hectares,Wet,Private,Rural,"Land Type: ""Wet"" Land Nature: ""Private"" Land Category: ""Rural""",2,2,0,0.1214,3D
54635,35100,S.O. 5781 (E),15/11/2018,220,KHORDHA,Begunia,Baghamari,2553,2553 २५५३,0.0931,0.0931 Hectares,Wet,Private,Rural,"Land Type: ""Wet"" Land Nature: ""Private"" Land Category: ""Rural""",2,2,0,0.1862,3D
54635,35100,S.O. 5781 (E),15/11/2018,221,KHORDHA,Begunia,Baghamari,2678,2678 २६७८,0.004,0.004 Hectares,Wet,Private,Rural,"Land Type: ""Wet"" Land Nature: ""Private"" Land Category: ""Rural""",2,2,0,0.008,3D
54635,35100,S.O. 5781 (E),15/11/2018,222,KHORDHA,Begunia,Baghamari,2691,2691 २६९१,0.0081,0.0081 Hectares,Wet,Private,Rural,"Land Type: ""Wet"" Land Nature: ""Private"" Land Category: ""Rural""",2,2,0,0.0162,3D
54635,35100,S.O. 5781 (E),15/11/2018,223,KHORDHA,Begunia,Baghamari,2701,2701 २७०१,0.0648,0.0648 Hectares,Wet,Private,Rural,"Land Type: ""Wet"" Land Nature: ""Private"" Land Category: ""Rural""",2,2,0,0.1296,3D
54635,35100,S.O. 5781 (E),15/11/2018,224,KHORDHA,Begunia,Baghamari,2693,2693 २६९३,0.0202,0.0202 Hectares,Wet,Private,Rural,"Land Type: ""Wet"" Land Nature: ""Private"" Land Category: ""Rural""",2,2,0,0.0404,3D
54635,35100,S.O. 5781 (E),15/11/2018,225,KHORDHA,Begunia,Baghamari,2695,2695 २६९५,0.0243,0.0243 Hectares,Wet,Private,Rural,"Land Type: ""Wet"" Land Nature: ""Private"" Land Category: ""Rural""",3,3,0,0.0486,3D
54635,35100,S.O. 5781 (E),15/11/2018,226,KHORDHA,Begunia,Baghamari,2584,2584 २५८४,0.0243,0.0243 Hectares,Wet,Government,Rural,"Land Type: ""Wet"" Land Nature: ""Government"" Land Category: ""Rural""",1,1,0,0.0243,3D
54635,35100,S.O. 5781 (E),15/11/2018,227,KHORDHA,Begunia,Baghamari,2700,2700 २७००,0.0081,0.0081 Hectares,Wet,Private,Rural,"Land Type: ""Wet"" Land Nature: ""Private"" Land Category: ""Rural""",2,2,0,0.0162,3D
54635,35100,S.O. 5781 (E),15/11/2018,228,KHORDHA,Begunia,Baghamari,2712,2712 २७१२,0.0809,0.0809 Hectares,Wet,Private,Rural,"Land Type: ""Wet"" Land Nature: ""Private"" Land Category: ""Rural""",2,2,0,0.1618,3D
54635,35100,S.O. 5781 (E),15/11/2018,229,KHORDHA,Begunia,Baghamari,2711,2711 २७११,0.0364,0.0364 Hectares,Wet,Private,Rural,"Land Type: ""Wet"" Land Nature: ""Private"" Land Category: ""Rural""",2,2,0,0.0728,3D
54635,35100,S.O. 5781 (E),15/11/2018,230,KHORDHA,Begunia,Baghamari,2578,2578 २५७८,0.0405,0.0405 Hectares,Wet,Private,Rural,"Land Type: ""Wet"" Land Nature: ""Private"" Land Category: ""Rural""",2,2,0,0.081,3D
54635,35100,S.O. 5781 (E),15/11/2018,231,KHORDHA,Begunia,Baghamari,2579,2579 २५७९,0.0182,0.0182 Hectares,Wet,Private,Rural,"Land Type: ""Wet"" Land Nature: ""Private"" Land Category: ""Rural""",1,1,0,0.0182,3D
54635,35100,S.O. 5781 (E),15/11/2018,232,KHORDHA,Begunia,Baghamari,2649,2649 २६४९,0.0425,0.0425 Hectares,Wet,Private,Rural,"Land Type: ""Wet"" Land Nature: ""Private"" Land Category: ""Rural""",1,1,0,0.0425,3D
54635,35100,S.O. 5781 (E),15/11/2018,233,KHORDHA,Begunia,Baghamari,2648,2648 २६४८,0.0061,0.0061 Hectares,Wet,Private,Rural,"Land Type: ""Wet"" Land Nature: ""Private"" Land Category: ""Rural""",1,1,0,0.0061,3D
54635,35100,S.O. 5781 (E),15/11/2018,234,KHORDHA,Begunia,Baghamari,2650,2650 २६५०,0.0061,0.0061 Hectares,Wet,Private,Rural,"Land Type: ""Wet"" Land Nature: ""Private"" Land Category: ""Rural""",1,1,0,0.0061,3D
54635,35100,S.O. 5781 (E),15/11/2018,235,KHORDHA,Begunia,Baghamari,2651,2651 २६५१,0.1255,0.1255 Hectares,Wet,Private,Rural,"Land Type: ""Wet"" Land Nature: ""Private"" Land Category: ""Rural""",1,1,0,0.1255,3D
54635,35100,S.O. 5781 (E),15/11/2018,236,KHORDHA,Begunia,Baghamari,2652,2652 २६५२,0.0405,0.0405 Hectares,Wet,Private,Rural,"Land Type: ""Wet"" Land Nature: ""Private"" Land Category: ""Rural""",1,1,0,0.0405,3D
54635,35100,S.O. 5781 (E),15/11/2018,237,KHORDHA,Begunia,Baghamari,2653,2653 २६५३,0.0324,0.0324 Hectares,Wet,Private,Rural,"Land Type: ""Wet"" Land Nature: ""Private"" Land Category: ""Rural""",1,1,0,0.0324,3D
54635,35100,S.O. 5781 (E),15/11/2018,238,KHORDHA,Begunia,Baghamari,2647,2647 २६४७,0.0162,0.0162 Hectares,Wet,Private,Rural,"Land Type: ""Wet"" Land Nature: ""Private"" Land Category: ""Rural""",2,2,0,0.0324,3D
54635,35100,S.O. 5781 (E),15/11/2018,239,KHORDHA,Begunia,Baghamari,2646,2646 / 3132 २६४६ / ३१३२,0.0202,0.0202 Hectares,Wet,Private,Rural,"Land Type: ""Wet"" Land Nature: ""Private"" Land Category: ""Rural""",1,1,0,0.0202,3D
54635,35100,S.O. 5781 (E),15/11/2018,240,KHORDHA,Begunia,Baghamari,2589,2589 २५८९,0.0081,0.0081 Hectares,Wet,Private,Rural,"Land Type: ""Wet"" Land Nature: ""Private"" Land Category: ""Rural""",2,2,0,0.0162,3D
54635,35100,S.O. 5781 (E),15/11/2018,241,KHORDHA,Begunia,Baghamari,2588,2588 २५८८,0.0121,0.0121 Hectares,Wet,Private,Rural,"Land Type: ""Wet"" Land Nature: ""Private"" Land Category: ""Rural""",1,1,0,0.0121,3D
54635,35100,S.O. 5781 (E),15/11/2018,242,KHORDHA,Begunia,Baghamari,2587,2587 २५८७,0.004,0.004 Hectares,Wet,Government,Rural,"Land Type: ""Wet"" Land Nature: ""Government"" Land Category: ""Rural""",1,1,0,0.004,3D
54635,35100,S.O. 5781 (E),15/11/2018,243,KHORDHA,Begunia,Baghamari,2933,2933 २९३३,0.1295,0.1295 Hectares,Wet,Government,Rural,"Land Type: ""Wet"" Land Nature: ""Government"" Land Category: ""Rural""",1,1,0,0.1295,3D
54635,35100,S.O. 5781 (E),15/11/2018,244,KHORDHA,Begunia,Baghamari,2899,2899 २८९९,0.0364,0.0364 Hectares,Wet,Government,Rural,"Land Type: ""Wet"" Land Nature: ""Government"" Land Category: ""Rural""",1,1,0,0.0364,3D
54635,35100,S.O. 5781 (E),15/11/2018,245,KHORDHA,Begunia,Baghamari,2585,2585 २५८५,0.0324,0.0324 Hectares,Wet,Private,Rural,"Land Type: ""Wet"" Land Nature: ""Private"" Land Category: ""Rural""",2,2,0,0.0648,3D
54635,35100,S.O. 5781 (E),15/11/2018,246,KHORDHA,Begunia,Baghamari,2654,2654 २६५४,0.0004,0.0004 Hectares,Wet,Private,Rural,"Land Type: ""Wet"" Land Nature: ""Private"" Land Category: ""Rural""",1,1,0,0.0004,3D
54635,35100,S.O. 5781 (E),15/11/2018,247,KHORDHA,Begunia,Baghamari,2664,2664 २६६४,0.1012,0.1012 Hectares,Wet,Private,Rural,"Land Type: ""Wet"" Land Nature: ""Private"" Land Category: ""Rural""",1,1,0,0.1012,3D
54635,35100,S.O. 5781 (E),15/11/2018,248,KHORDHA,Begunia,Baghamari,2666,2666 २६६६,0.0162,0.0162 Hectares,Wet,Private,Rural,"Land Type: ""Wet"" Land Nature: ""Private"" Land Category: ""Rural""",2,2,0,0.0324,3D
54635,35100,S.O. 5781 (E),15/11/2018,249,KHORDHA,Begunia,Baghamari,2667,2667 २६६७,0.0223,0.0223 Hectares,Wet,Private,Rural,"Land Type: ""Wet"" Land Nature: ""Private"" Land Category: ""Rural""",1,1,0,0.0223,3D
54635,35100,S.O. 5781 (E),15/11/2018,250,KHORDHA,Begunia,Baghamari,2668,2668 २६६८,0.0243,0.0243 Hectares,Wet,Private,Rural,"Land Type: ""Wet"" Land Nature: ""Private"" Land Category: ""Rural""",1,1,0,0.0243,3D
54635,35100,S.O. 5781 (E),15/11/2018,251,KHORDHA,Begunia,Baghamari,2555,2555 २५५५,0.0162,0.0162 Hectares,Wet,Private,Rural,"Land Type: ""Wet"" Land Nature: ""Private"" Land Category: ""Rural""",1,1,0,0.0162,3D
54635,35100,S.O. 5781 (E),15/11/2018,252,KHORDHA,Begunia,Baghamari,2554,2554 २५५४,0.0769,0.0769 Hectares,Wet,Private,Rural,"Land Type: ""Wet"" Land Nature: ""Private"" Land Category: ""Rural""",1,1,0,0.0769,3D
54635,35100,S.O. 5781 (E),15/11/2018,253,KHORDHA,Begunia,Baghamari,2552,2552 २५५२,0.0142,0.0142 Hectares,Wet,Private,Rural,"Land Type: ""Wet"" Land Nature: ""Private"" Land Category: ""Rural""",1,1,0,0.0142,3D
54635,35100,S.O. 5781 (E),15/11/2018,254,KHORDHA,Begunia,Baghamari,2692,2692 २६९२,0.1376,0.1376 Hectares,Wet,Private,Rural,"Land Type: ""Wet"" Land Nature: ""Private"" Land Category: ""Rural""",1,1,0,0.1376,3D
54635,35100,S.O. 5781 (E),15/11/2018,255,KHORDHA,Begunia,Baghamari,2697,2697 २६९७,0.0506,0.0506 Hectares,Wet,Private,Rural,"Land Type: ""Wet"" Land Nature: ""Private"" Land Category: ""Rural""",1,1,0,0.0506,3D
54635,35100,S.O. 5781 (E),15/11/2018,256,KHORDHA,Begunia,Baghamari,2698,2698 २६९८,0.0749,0.0749 Hectares,Wet,Private,Rural,"Land Type: ""Wet"" Land Nature: ""Private"" Land Category: ""Rural""",1,1,0,0.0749,3D
54635,35100,S.O. 5781 (E),15/11/2018,257,KHORDHA,Begunia,Baghamari,2718,2718 २७१८,0.004,0.004 Hectares,Wet,Private,Rural,"Land Type: ""Wet"" Land Nature: ""Private"" Land Category: ""Rural""",1,1,0,0.004,3D
54635,35100,S.O. 5781 (E),15/11/2018,258,KHORDHA,Begunia,Baghamari,2818,2818 २८१८,0.089,0.089 Hectares,Wet,Private,Rural,"Land Type: ""Wet"" Land Nature: ""Private"" Land Category: ""Rural""",2,2,0,0.178,3D
54635,35100,S.O. 5781 (E),15/11/2018,259,KHORDHA,Begunia,Baghamari,2714,2714 २७१४,0.17,0.17 Hectares,Wet,Private,Rural,"Land Type: ""Wet"" Land Nature: ""Private"" Land Category: ""Rural""",2,2,0,0.34,3D
54635,35100,S.O. 5781 (E),15/11/2018,260,KHORDHA,Begunia,Baghamari,2820,2820 २८२०,0.174,0.174 Hectares,Wet,Private,Rural,"Land Type: ""Wet"" Land Nature: ""Private"" Land Category: ""Rural""",2,2,0,0.348,3D
54635,35100,S.O. 5781 (E),15/11/2018,261,KHORDHA,Begunia,Baghamari,2822,2822 २८२२,0.1497,0.1497 Hectares,Wet,Private,Rural,"Land Type: ""Wet"" Land Nature: ""Private"" Land Category: ""Rural""",2,2,0,0.2994,3D
54635,35100,S.O. 5781 (E),15/11/2018,262,KHORDHA,Begunia,Baghamari,2824,2824 २८२४,0.004,0.004 Hectares,Wet,Private,Rural,"Land Type: ""Wet"" Land Nature: ""Private"" Land Category: ""Rural""",2,2,0,0.008,3D
54635,35100,S.O. 5781 (E),15/11/2018,263,KHORDHA,Begunia,Baghamari,2873,2873 २८७३,0.1012,0.1012 Hectares,Wet,Private,Rural,"Land Type: ""Wet"" Land Nature: ""Private"" Land Category: ""Rural""",3,3,0,0.2024,3D
54635,35100,S.O. 5781 (E),15/11/2018,264,KHORDHA,Begunia,Baghamari,2715,2715 २७१५,0.2327,0.2327 Hectares,Wet,Private,Rural,"Land Type: ""Wet"" Land Nature: ""Private"" Land Category: ""Rural""",2,2,0,0.4654,3D
54635,35100,S.O. 5781 (E),15/11/2018,265,KHORDHA,Begunia,Baghamari,2819,2819 २८१९,0.2711,0.2711 Hectares,Wet,Private,Rural,"Land Type: ""Wet"" Land Nature: ""Private"" Land Category: ""Rural""",3,3,0,0.5422,3D
54635,35100,S.O. 5781 (E),15/11/2018,266,KHORDHA,Begunia,Baghamari,2834,2834 २८३४,0.004,0.004 Hectares,Wet,Private,Rural,"Land Type: ""Wet"" Land Nature: ""Private"" Land Category: ""Rural""",1,1,0,0.004,3D
54635,35100,S.O. 5781 (E),15/11/2018,267,KHORDHA,Begunia,Baghamari,2833,2833 २८३३,0.0243,0.0243 Hectares,Wet,Private,Rural,"Land Type: ""Wet"" Land Nature: ""Private"" Land Category: ""Rural""",2,2,0,0.0486,3D
54635,35100,S.O. 5781 (E),15/11/2018,268,KHORDHA,Begunia,Baghamari,2821,2821 २८२१,0.174,0.174 Hectares,Wet,Private,Rural,"Land Type: ""Wet"" Land Nature: ""Private"" Land Category: ""Rural""",1,1,0,0.174,3D
54635,35100,S.O. 5781 (E),15/11/2018,269,KHORDHA,Begunia,Baghamari,2823,2823 २८२३,0.004,0.004 Hectares,Wet,Private,Rural,"Land Type: ""Wet"" Land Nature: ""Private"" Land Category: ""Rural""",2,2,0,0.008,3D
54635,35100,S.O. 5781 (E),15/11/2018,270,KHORDHA,Begunia,Baghamari,2826,2826 २८२६,0.344,0.344 Hectares,Wet,Private,Rural,"Land Type: ""Wet"" Land Nature: ""Private"" Land Category: ""Rural""",2,2,0,0.688,3D
54635,35100,S.O. 5781 (E),15/11/2018,271,KHORDHA,Begunia,Baghamari,2782,2782 २७८२,0.1336,0.1336 Hectares,Wet,Private,Rural,"Land Type: ""Wet"" Land Nature: ""Private"" Land Category: ""Rural""",2,2,0,0.2672,3D
54635,35100,S.O. 5781 (E),15/11/2018,272,KHORDHA,Begunia,Baghamari,2780,2780 २७८०,0.0809,0.0809 Hectares,Wet,Private,Rural,"Land Type: ""Wet"" Land Nature: ""Private"" Land Category: ""Rural""",2,2,0,0.1618,3D
54635,35100,S.O. 5781 (E),15/11/2018,273,KHORDHA,Begunia,Baghamari,2827,2827 २८२७,0.004,0.004 Hectares,Wet,Private,Rural,"Land Type: ""Wet"" Land Nature: ""Private"" Land Category: ""Rural""",1,1,0,0.004,3D
54635,35100,S.O. 5781 (E),15/11/2018,274,KHORDHA,Begunia,Baghamari,2870,2870 २८७०,0.0668,0.0668 Hectares,Wet,Private,Rural,"Land Type: ""Wet"" Land Nature: ""Private"" Land Category: ""Rural""",3,3,0,0.1336,3D
54635,35100,S.O. 5781 (E),15/11/2018,275,KHORDHA,Begunia,Baghamari,2871,2871 २८७१,0.0809,0.0809 Hectares,Wet,Private,Rural,"Land Type: ""Wet"" Land Nature: ""Private"" Land Category: ""Rural""",2,2,0,0.1618,3D
54635,35100,S.O. 5781 (E),15/11/2018,276,KHORDHA,Begunia,Baghamari,2872,2872 २८७२,0.085,0.085 Hectares,Wet,Private,Rural,"Land Type: ""Wet"" Land Nature: ""Private"" Land Category: ""Rural""",2,2,0,0.1699858,3D
54635,35100,S.O. 5781 (E),15/11/2018,277,KHORDHA,Begunia,Baghamari,2874,2874 २८७४,0.1072,0.1072 Hectares,Wet,Private,Rural,"Land Type: ""Wet"" Land Nature: ""Private"" Land Category: ""Rural""",1,1,0,0.1072,3D
54635,35100,S.O. 5781 (E),15/11/2018,278,KHORDHA,Begunia,Baghamari,2781,2781 २७८१,0.1174,0.1174 Hectares,Wet,Private,Rural,"Land Type: ""Wet"" Land Nature: ""Private"" Land Category: ""Rural""",2,2,0,0.2348,3D
54635,35100,S.O. 5781 (E),15/11/2018,279,KHORDHA,Begunia,Baghamari,2779,2779 २७७९,0.0769,0.0769 Hectares,Wet,Private,Rural,"Land Type: ""Wet"" Land Nature: ""Private"" Land Category: ""Rural""",2,2,0,0.1538,3D
54635,35100,S.O. 5781 (E),15/11/2018,280,KHORDHA,Begunia,Baghamari,2778,2778 २७७८,0.0283,0.0283 Hectares,Wet,Private,Rural,"Land Type: ""Wet"" Land Nature: ""Private"" Land Category: ""Rural""",1,1,0,0.0283,3D
54635,35100,S.O. 5781 (E),15/11/2018,281,KHORDHA,Begunia,Baghamari,2908,2908 २९०८,0.004,0.004 Hectares,Wet,Private,Rural,"Land Type: ""Wet"" Land Nature: ""Private"" Land Category: ""Rural""",1,1,0,0.004,3D
54635,35100,S.O. 5781 (E),15/11/2018,282,KHORDHA,Begunia,Baghamari,2903,2903 २९०३,0.2833,0.2833 Hectares,Wet,Private,Rural,"Land Type: ""Wet"" Land Nature: ""Private"" Land Category: ""Rural""",1,1,0,0.2833,3D
54635,35100,S.O. 5781 (E),15/11/2018,283,KHORDHA,Begunia,Baghamari,2904,2904 २९०४,0.0971,0.0971 Hectares,Wet,Private,Rural,"Land Type: ""Wet"" Land Nature: ""Private"" Land Category: ""Rural""",1,1,0,0.0971,3D
54635,35100,S.O. 5781 (E),15/11/2018,284,KHORDHA,Begunia,Baghamari,2916,2916 २९१६,0.085,0.085 Hectares,Wet,Private,Rural,"Land Type: ""Wet"" Land Nature: ""Private"" Land Category: ""Rural""",1,1,0,0.085,3D
54635,35100,S.O. 5781 (E),15/11/2018,285,KHORDHA,Begunia,Baghamari,2905,2905 २९०५,0.1052,0.1052 Hectares,Wet,Private,Rural,"Land Type: ""Wet"" Land Nature: ""Private"" Land Category: ""Rural""",2,2,0,0.2104,3D
54635,35100,S.O. 5781 (E),15/11/2018,286,KHORDHA,Begunia,Baghamari,2907,2907 २९०७,0.0364,0.0364 Hectares,Wet,Private,Rural,"Land Type: ""Wet"" Land Nature: ""Private"" Land Category: ""Rural""",1,1,0,0.0364,3D
54635,35100,S.O. 5781 (E),15/11/2018,287,KHORDHA,Begunia,Baghamari,2906,2906 २९०६,0.0202,0.0202 Hectares,Wet,Private,Rural,"Land Type: ""Wet"" Land Nature: ""Private"" Land Category: ""Rural""",2,2,0,0.0404,3D
54635,35100,S.O. 5781 (E),15/11/2018,288,KHORDHA,Begunia,Baghamari,2912,2912 २९१२,0.2307,0.2307 Hectares,Wet,Private,Rural,"Land Type: ""Wet"" Land Nature: ""Private"" Land Category: ""Rural""",2,2,0,0.4614,3D
54635,35100,S.O. 5781 (E),15/11/2018,289,KHORDHA,Begunia,Baghamari,2913,2913 २९१३,0.1619,0.1619 Hectares,Wet,Private,Rural,"Land Type: ""Wet"" Land Nature: ""Private"" Land Category: ""Rural""",1,1,0,0.1619,3D
54635,35100,S.O. 5781 (E),15/11/2018,290,KHORDHA,Begunia,Baghamari,2914,2914 २९१४,0.0648,0.0648 Hectares,Wet,Private,Rural,"Land Type: ""Wet"" Land Nature: ""Private"" Land Category: ""Rural""",1,1,0,0.0648,3D
54635,35100,S.O. 5781 (E),15/11/2018,291,KHORDHA,Begunia,Baghamari,2915,2915 २९१५,0.1477,0.1477 Hectares,Wet,Private,Rural,"Land Type: ""Wet"" Land Nature: ""Private"" Land Category: ""Rural""",2,2,0,0.2954,3D
54635,35100,S.O. 5781 (E),15/11/2018,292,KHORDHA,Begunia,Baghamari,2875,2875 २८७५,0.0324,0.0324 Hectares,Wet,Private,Rural,"Land Type: ""Wet"" Land Nature: ""Private"" Land Category: ""Rural""",1,1,0,0.0324,3D
54635,35100,S.O. 5781 (E),15/11/2018,293,KHORDHA,Begunia,Baghamari,1406,1406 १४०६,0.0202,0.0202 Hectares,Wet,Private,Rural,"Land Type: ""Wet"" Land Nature: ""Private"" Land Category: ""Rural""",1,1,0,0.0202,3D
54635,35100,S.O. 5781 (E),15/11/2018,294,KHORDHA,Begunia,Baghamari,326,326 ३२६,0.0668,0.0668 Hectares,Wet,Private,Rural,"Land Type: ""Wet"" Land Nature: ""Private"" Land Category: ""Rural""",2,2,0,0.1336,3D
54635,35100,S.O. 5781 (E),15/11/2018,295,KHORDHA,Begunia,Baghamari,327,327 ३२७,0.0324,0.0324 Hectares,Wet,Private,Rural,"Land Type: ""Wet"" Land Nature: ""Private"" Land Category: ""Rural""",1,1,0,0.0324,3D
54635,35100,S.O. 5781 (E),15/11/2018,296,KHORDHA,Begunia,Baghamari,328,328 ३२८,0.0004,0.0004 Hectares,Wet,Private,Rural,"Land Type: ""Wet"" Land Nature: ""Private"" Land Category: ""Rural""",1,1,0,0.0004,3D
54635,35100,S.O. 5781 (E),15/11/2018,297,KHORDHA,Begunia,Baghamari,329,329 ३२९,0.0405,0.0405 Hectares,Wet,Private,Rural,"Land Type: ""Wet"" Land Nature: ""Private"" Land Category: ""Rural""",1,1,0,0.0405,3D
54635,35100,S.O. 5781 (E),15/11/2018,298,KHORDHA,Begunia,Baghamari,330,330 ३३०,0.0364,0.0364 Hectares,Wet,Private,Rural,"Land Type: ""Wet"" Land Nature: ""Private"" Land Category: ""Rural""",1,1,0,0.0364,3D
54635,35100,S.O. 5781 (E),15/11/2018,299,KHORDHA,Begunia,Baghamari,344,344 ३४४,0.0154,0.0154 Hectares,Wet,Private,Rural,"Land Type: ""Wet"" Land Nature: ""Private"" Land Category: ""Rural""",1,1,0,0.0154,3D
54635,35100,S.O. 5781 (E),15/11/2018,300,KHORDHA,Begunia,Baghamari,345,345 ३४५,0.0304,0.0304 Hectares,Wet,Private,Rural,"Land Type: ""Wet"" Land Nature: ""Private"" Land Category: ""Rural""",1,1,0,0.0304,3D
54635,35100,S.O. 5781 (E),15/11/2018,301,KHORDHA,Begunia,Baghamari,346,346 ३४६,0.0162,0.0162 Hectares,Wet,Private,Rural,"Land Type: ""Wet"" Land Nature: ""Private"" Land Category: ""Rural""",2,2,0,0.0324,3D
54635,35100,S.O. 5781 (E),15/11/2018,302,KHORDHA,Begunia,Baghamari,405,405 ४०५,0.1012,0.1012 Hectares,Wet,Private,Rural,"Land Type: ""Wet"" Land Nature: ""Private"" Land Category: ""Rural""",2,2,0,0.2024,3D
54635,35100,S.O. 5781 (E),15/11/2018,303,KHORDHA,Begunia,Baghamari,406,406 ४०६,0.0162,0.0162 Hectares,Wet,Private,Rural,"Land Type: ""Wet"" Land Nature: ""Private"" Land Category: ""Rural""",2,2,0,0.0324,3D
54635,35100,S.O. 5781 (E),15/11/2018,304,KHORDHA,Begunia,Baghamari,404,404 ४०४,0.013,0.013 Hectares,Wet,Private,Rural,"Land Type: ""Wet"" Land Nature: ""Private"" Land Category: ""Rural""",2,2,0,0.026,3D
54635,35100,S.O. 5781 (E),15/11/2018,305,KHORDHA,Begunia,Baghamari,2696,2696 २६९६,0.0202,0.0202 Hectares,Wet,Private,Rural,"Land Type: ""Wet"" Land Nature: ""Private"" Land Category: ""Rural""",1,1,0,0.0202,3D
54635,35100,S.O. 5781 (E),15/11/2018,306,KHORDHA,Begunia,Baghamari,409,409 ४०९,0.0971,0.0971 Hectares,Wet,Private,Rural,"Land Type: ""Wet"" Land Nature: ""Private"" Land Category: ""Rural""",2,2,0,0.1942,3D
54635,35100,S.O. 5781 (E),15/11/2018,307,KHORDHA,Begunia,Baghamari,408,408 ४०८,0.0324,0.0324 Hectares,Wet,Private,Rural,"Land Type: ""Wet"" Land Nature: ""Private"" Land Category: ""Rural""",2,2,0,0.0648,3D
54635,35100,S.O. 5781 (E),15/11/2018,308,KHORDHA,Begunia,Baghamari,410,410 ४१०,0.0061,0.0061 Hectares,Wet,Private,Rural,"Land Type: ""Wet"" Land Nature: ""Private"" Land Category: ""Rural""",2,2,0,0.0122,3D
54635,35100,S.O. 5781 (E),15/11/2018,309,KHORDHA,Begunia,Baghamari,415,415 ४१५,0.0348,0.0348 Hectares,Wet,Private,Rural,"Land Type: ""Wet"" Land Nature: ""Private"" Land Category: ""Rural""",2,2,0,0.0696,3D
54635,35100,S.O. 5781 (E),15/11/2018,310,KHORDHA,Khordha,Pubusahi,859,859 ८५९,0.0016,0.0016 Hectares,Wet,Private,Rural,"Land Type: ""Wet"" Land Nature: ""Private"" Land Category: ""Rural""",1,1,0,0.0016,3D
54635,44312,1306(E),24/03/2022,1,KHORDHA,Begunia,Lokanathpur,234,234 २३४,0.1518,0.1518 Hectares,Wet,Private,Rural,"Land Type: ""Wet"" Land Nature: ""Private"" Land Category: ""Rural""",12,12,0,0.2068017,3D
54635,44312,1306(E),24/03/2022,2,KHORDHA,Bolagad,Tikatal,303,303 ३०३,0.0137598,0.0137598 Hectares,Wet,Private,Rural,"Land Type: ""Wet"" Land Nature: ""Private"" Land Category: ""Rural""",1,1,0,0.0137598,3D
54635,44312,1306(E),24/03/2022,3,KHORDHA,Bolagad,Tikatal,313,313 ३१३,0.056658,0.056658 Hectares,Wet,Private,Rural,"Land Type: ""Wet"" Land Nature: ""Private"" Land Category: ""Rural""",1,1,0,0.056658,3D
54635,44312,1306(E),24/03/2022,4,KHORDHA,Bolagad,Tikatal,314,314 ३१४,0.020235,0.020235 Hectares,Wet,Private,Rural,"Land Type: ""Wet"" Land Nature: ""Private"" Land Category: ""Rural""",1,1,0,0.020235,3D
54635,44312,1306(E),24/03/2022,5,KHORDHA,Bolagad,Tikatal,315,315 ३१५,0.0020235,0.0020235 Hectares,Wet,Private,Rural,"Land Type: ""Wet"" Land Nature: ""Private"" Land Category: ""Rural""",1,1,0,0.0020235,3D
54635,44312,1306(E),24/03/2022,6,KHORDHA,Bolagad,Tikatal,334,334 ३३४,0.141645,0.141645 Hectares,Wet,Government,Rural,"Land Type: ""Wet"" Land Nature: ""Government"" Land Category: ""Rural""",1,1,0,0.141645,3D
54635,44312,1306(E),24/03/2022,7,KHORDHA,Bolagad,Tikatal,382,382 ३८२,0.0141645,0.0141645 Hectares,Wet,Government,Rural,"Land Type: ""Wet"" Land Nature: ""Government"" Land Category: ""Rural""",1,1,0,0.0141645,3D
54635,44312,1306(E),24/03/2022,8,KHORDHA,Bolagad,Tikatal,494,494 ४९४,0.0068799,0.0068799 Hectares,Wet,Government,Rural,"Land Type: ""Wet"" Land Nature: ""Government"" Land Category: ""Rural""",1,1,0,0.0068799,3D
54635,44312,1306(E),24/03/2022,9,KHORDHA,Bolagad,Tikatal,505,505 ५०५,0.291384,0.291384 Hectares,Wet,Government,Rural,"Land Type: ""Wet"" Land Nature: ""Government"" Land Category: ""Rural""",1,1,0,0.291384,3D
54635,44312,1306(E),24/03/2022,10,KHORDHA,Bolagad,Tikatal,506,506 ५०६,0.032376,0.032376 Hectares,Wet,Government,Rural,"Land Type: ""Wet"" Land Nature: ""Government"" Land Category: ""Rural""",1,1,0,0.032376,3D
54635,44312,1306(E),24/03/2022,11,KHORDHA,Bolagad,Tikatal,507,507 ५०७,0.335901,0.335901 Hectares,Wet,Government,Rural,"Land Type: ""Wet"" Land Nature: ""Government"" Land Category: ""Rural""",1,1,0,0.335901,3D
54635,44312,1306(E),24/03/2022,12,KHORDHA,Bolagad,Tikatal,508,508 ५०८,0.145692,0.145692 Hectares,Wet,Government,Rural,"Land Type: ""Wet"" Land Nature: ""Government"" Land Category: ""Rural""",1,1,0,0.145692,3D
54635,44312,1306(E),24/03/2022,13,KHORDHA,Bolagad,Tikatal,509,509 ५०९,0.222585,0.222585 Hectares,Wet,Government,Rural,"Land Type: ""Wet"" Land Nature: ""Government"" Land Category: ""Rural""",1,1,0,0.222585,3D
54635,44312,1306(E),24/03/2022,14,KHORDHA,Bolagad,Tikatal,510,510 ५१०,0.190209,0.190209 Hectares,Wet,Government,Rural,"Land Type: ""Wet"" Land Nature: ""Government"" Land Category: ""Rural""",1,1,0,0.190209,3D
54635,44312,1306(E),24/03/2022,15,KHORDHA,Bolagad,Tikatal,511,511 ५११,0.3095955,0.3095955 Hectares,Wet,Government,Rural,"Land Type: ""Wet"" Land Nature: ""Government"" Land Category: ""Rural""",1,1,0,0.3095955,3D
54635,44312,1306(E),24/03/2022,16,KHORDHA,Bolagad,Tikatal,512,512 ५१२,0.016188,0.016188 Hectares,Wet,Private,Rural,"Land Type: ""Wet"" Land Nature: ""Private"" Land Category: ""Rural""",1,1,0,0.016188,3D
54635,44312,1306(E),24/03/2022,17,KHORDHA,Bolagad,Tikatal,517,517 ५१७,0.024282,0.024282 Hectares,Wet,Private,Rural,"Land Type: ""Wet"" Land Nature: ""Private"" Land Category: ""Rural""",1,1,0,0.024282,3D
54635,44312,1306(E),24/03/2022,18,KHORDHA,Bolagad,Tikatal,518,518 ५१८,0.004047,0.004047 Hectares,Wet,Government,Rural,"Land Type: ""Wet"" Land Nature: ""Government"" Land Category: ""Rural""",1,1,0,0.004047,3D
54635,44312,1306(E),24/03/2022,19,KHORDHA,Bolagad,Tikatal,519,519 ५१९,0.008094,0.008094 Hectares,Wet,Private,Rural,"Land Type: ""Wet"" Land Nature: ""Private"" Land Category: ""Rural""",1,1,0,0.008094,3D
54635,44312,1306(E),24/03/2022,20,KHORDHA,Bolagad,Tikatal,520,520 ५२०,0.0101175,0.0101175 Hectares,Wet,Private,Rural,"Land Type: ""Wet"" Land Nature: ""Private"" Land Category: ""Rural""",1,1,0,0.0101175,3D
54635,44312,1306(E),24/03/2022,21,KHORDHA,Bolagad,Tikatal,520/2296,520/2296 ५२०/२२९६,0.044517,0.044517 Hectares,Wet,Private,Rural,"Land Type: ""Wet"" Land Nature: ""Private"" Land Category: ""Rural""",1,1,0,0.044517,3D
54635,44312,1306(E),24/03/2022,22,KHORDHA,Bolagad,Tikatal,523,523 ५२३,0.012141,0.012141 Hectares,Wet,Private,Rural,"Land Type: ""Wet"" Land Nature: ""Private"" Land Category: ""Rural""",2,2,0,0.024241,3D
54635,44312,1306(E),24/03/2022,23,KHORDHA,Bolagad,Tikatal,524,524 ५२४,0.0020235,0.0020235 Hectares,Wet,Private,Rural,"Land Type: ""Wet"" Land Nature: ""Private"" Land Category: ""Rural""",1,1,0,0.0020235,3D
54635,44312,1306(E),24/03/2022,24,KHORDHA,Bolagad,Tikatal,630,630 ६३०,1.86162,1.86162 Hectares,Wet,Private,Rural,"Land Type: ""Wet"" Land Nature: ""Private"" Land Category: ""Rural""",1,1,0,1.86162,3D
